person_id,first_name,last_name,email,address,tel,salary,login,password,position_id,course_id
1,Byran,Lukasen,blukasen0@psu.edu,2 Leroy Parkway,576-159-4287,4000,Lukasen_1,IH7q,5,5
2,Laura,Dayer,ldayer1@springer.com,5 Roxbury Alley,321-886-6185,4000,Dayer_2,2wJX,2,10
3,Kirk,Hearl,khearl2@constantcontact.com,8412 Aberg Center,904-768-9832,5500,Hearl_3,JsXB,4,9
4,Emeline,Scoterbosh,escoterbosh3@infoseek.co.jp,188 Di Loreto Pass,482-239-8398,5500,Scoterbosh_4,N8oI,3,9
5,Patti,Kelleher,pkelleher4@java.com,79626 Little Fleur Crossing,943-613-5962,3000,Kelleher_5,erm4,4,6
6,Tad,Fomichyov,tfomichyov5@g.co,66282 Mesta Park,289-201-5783,3500,Fomichyov_6,ePp0,4,9
7,Barton,Creamen,bcreamen6@nyu.edu,9438 Reinke Road,528-152-7798,4500,Creamen_7,LCtt,1,8
8,Pippa,Mushett,pmushett7@360.cn,3 Hovde Drive,202-966-5646,2000,Mushett_8,pdaV,1,7
9,Sharia,Kalberer,skalberer8@uol.com.br,978 Warbler Crossing,991-382-6988,5500,Kalberer_9,lYcO,1,9
10,Elysee,Kobiera,ekobiera9@mail.ru,95 Fairfield Plaza,634-578-1125,2500,Kobiera_10,FyPG,1,5
11,Maxwell,Knibb,mknibba@qq.com,15 Namekagon Road,217-925-8535,6000,Knibb_11,SEeZ,5,7
12,Goldarina,Stallebrass,gstallebrassb@rambler.ru,04505 Delaware Lane,362-879-6695,4500,Stallebrass_12,a96w,3,10
13,Brocky,Grealey,bgrealeyc@paginegialle.it,9937 Cherokee Parkway,638-544-7248,6000,Grealey_13,IiRE,4,6
14,Glendon,Narup,gnarupd@usgs.gov,930 Graceland Place,269-807-6276,3000,Narup_14,25FX,2,4
15,Oneida,Wanjek,owanjeke@topsy.com,9 Graedel Junction,650-312-9623,4500,Wanjek_15,G35X,1,1
16,Lorry,Decourt,ldecourtf@dedecms.com,8 Surrey Trail,966-923-1551,3000,Decourt_16,lBzM,1,1
17,Oralie,Martinello,omartinellog@lulu.com,985 Cordelia Alley,829-480-6281,4000,Martinello_17,TcXL,3,8
18,Hyacintha,Lattie,hlattieh@huffingtonpost.com,10 Kenwood Way,495-673-9221,4000,Lattie_18,UL7A,1,5
19,Candide,Bicheno,cbichenoi@vinaora.com,59723 Graedel Plaza,512-394-0498,5000,Bicheno_19,N92L,1,10
20,Flor,Golda,fgoldaj@constantcontact.com,354 Manufacturers Crossing,505-119-2491,2000,Golda_20,yJOi,2,8
21,Aggi,Croad,acroadk@cpanel.net,040 Nelson Crossing,108-241-0992,3500,Croad_21,vDzo,2,7
22,Roger,Stubbings,rstubbingsl@barnesandnoble.com,29618 Crescent Oaks Court,787-860-5989,5000,Stubbings_22,OBqu,2,7
23,Byrle,Phillps,bphillpsm@omniture.com,12 La Follette Pass,731-868-5681,2000,Phillps_23,4KOD,4,3
24,Benny,Kerans,bkeransn@instagram.com,42 Chinook Point,318-374-5684,4500,Kerans_24,zxYl,1,10
25,Meredith,Kubacki,mkubackio@nytimes.com,159 Dennis Alley,473-713-3641,3500,Kubacki_25,1LXa,1,6
26,Adele,Vedenyapin,avedenyapinp@umich.edu,6871 2nd Circle,349-136-6821,3000,Vedenyapin_26,3w76,2,2
27,Wileen,Kofax,wkofaxq@shop-pro.jp,87903 Steensland Alley,522-957-4692,6000,Kofax_27,lKrc,2,9
28,Joyce,McCheyne,jmccheyner@ox.ac.uk,9935 Basil Park,880-770-7909,3500,McCheyne_28,qyLu,3,8
29,Riki,Martell,rmartells@eepurl.com,036 Dunning Avenue,951-760-3737,2500,Martell_29,CIvG,1,3
30,Hestia,Warwicker,hwarwickert@hubpages.com,56 Toban Way,259-973-7632,3000,Warwicker_30,5kuh,4,8
31,Lindsy,Ginglell,lginglellu@indiatimes.com,509 Commercial Avenue,854-266-3123,5000,Ginglell_31,ACtS,3,3
32,Jannel,Juarez,jjuarezv@yellowbook.com,5677 Stang Plaza,179-360-4498,6000,Juarez_32,yT5a,3,3
33,Mei,Blasli,mblasliw@whitehouse.gov,1735 Clove Place,291-610-8662,2000,Blasli_33,l1m9,3,10
34,Jarred,Spirritt,jspirrittx@mtv.com,485 Main Point,800-540-7621,6000,Spirritt_34,YfO5,1,4
35,Odell,Howarth,ohowarthy@baidu.com,85 Portage Crossing,258-910-1016,3000,Howarth_35,kcbc,2,7
36,Bax,Mitskevich,bmitskevichz@youtube.com,0 Harbort Lane,169-266-6516,3500,Mitskevich_36,KdOw,4,2
37,Prissie,Boniface,pboniface10@cpanel.net,31 Mandrake Avenue,705-111-1406,2500,Boniface_37,vlaQ,1,5
38,Marcella,Bibbie,mbibbie11@ocn.ne.jp,688 Maryland Alley,813-278-5097,3500,Bibbie_38,qrQP,2,3
39,Aurlie,Linner,alinner12@huffingtonpost.com,2521 Burning Wood Street,401-566-3675,2500,Linner_39,YdWP,2,6
40,Standford,Inglese,singlese13@ustream.tv,4 Westend Pass,991-502-8265,4000,Inglese_40,Opch,4,9
41,Miles,Heaker,mheaker14@aol.com,68 Buena Vista Trail,216-304-4560,2500,Heaker_41,gUiu,4,7
42,Millie,Gledhill,mgledhill15@indiatimes.com,67095 West Way,916-345-8407,3500,Gledhill_42,sXHY,3,4
43,Augy,Mayhew,amayhew16@marketwatch.com,82 Quincy Parkway,537-828-2365,6000,Mayhew_43,X6fg,4,1
44,Shalne,Wiggington,swiggington17@printfriendly.com,254 Grasskamp Circle,335-156-3222,4000,Wiggington_44,aDIN,4,2
45,Patrick,Shillinglaw,pshillinglaw18@liveinternet.ru,9199 Brown Plaza,726-664-0413,3500,Shillinglaw_45,6eS3,1,4
46,Shaw,Luis,sluis19@twitter.com,3 Nelson Parkway,976-640-2346,2500,Luis_46,aHNj,2,8
47,Simona,Hunnisett,shunnisett1a@unc.edu,66394 Scott Point,521-668-8688,4000,Hunnisett_47,rGFe,2,3
48,Ivie,Morten,imorten1b@soup.io,69 Lotheville Center,237-543-6659,4000,Morten_48,b4E6,1,2
49,Germaine,Pavlenkov,gpavlenkov1c@soup.io,7 Veith Place,236-537-5507,6000,Pavlenkov_49,fI18,3,7
50,Emanuele,Danzelman,edanzelman1d@fc2.com,34016 Farragut Plaza,744-253-2592,5500,Danzelman_50,B7nS,3,3
51,Lurette,Walesby,lwalesby1e@pbs.org,76162 Johnson Crossing,545-773-3187,4000,Walesby_51,hg58,4,3
52,Melita,Simoens,msimoens1f@quantcast.com,4 Bowman Court,711-151-6745,4500,Simoens_52,0XUa,1,5
53,Alanah,Musgrave,amusgrave1g@mac.com,4 Starling Plaza,528-756-1432,2000,Musgrave_53,VjLk,3,4
54,Quillan,Santostefano.,qsantostefano1h@jigsy.com,102 Sloan Junction,712-358-6478,2000,Santostefano._54,COrQ,1,10
55,Esma,Filippello,efilippello1i@cocolog-nifty.com,6217 Nobel Park,462-293-6107,3500,Filippello_55,8F6Q,3,5
56,Revkah,Daniau,rdaniau1j@google.co.uk,7 Messerschmidt Crossing,628-261-2166,3500,Daniau_56,FiVI,4,6
57,Hillyer,Billison,hbillison1k@bloomberg.com,56 East Drive,491-564-3019,2000,Billison_57,DQdQ,2,3
58,Chuck,Pantone,cpantone1l@sbwire.com,6 Charing Cross Parkway,688-581-7703,5000,Pantone_58,igdZ,3,7
59,Dominick,Fessler,dfessler1m@cargocollective.com,96 Forster Lane,542-737-8676,5500,Fessler_59,4kS5,3,8
60,Melosa,Bayle,mbayle1n@rakuten.co.jp,1149 Mandrake Pass,912-640-9569,3000,Bayle_60,El9p,1,5
61,Jarrid,Sumshon,jsumshon1o@prlog.org,3893 Eliot Plaza,711-867-1124,5000,Sumshon_61,qVTC,2,2
62,Tomasina,Jendrusch,tjendrusch1p@blogs.com,35883 Arrowood Center,843-153-4871,3500,Jendrusch_62,NXY7,2,5
63,Jemie,Bruster,jbruster1q@slashdot.org,1942 Pierstorff Junction,410-252-9488,2000,Bruster_63,QgTJ,4,8
64,Town,Abdey,tabdey1r@webmd.com,48639 Superior Way,819-511-7922,2000,Abdey_64,2YgA,3,5
65,Bernice,Pasfield,bpasfield1s@4shared.com,5 Pankratz Point,227-723-7307,5500,Pasfield_65,3cSc,3,9
66,Jillie,Scorah,jscorah1t@howstuffworks.com,0793 Kim Trail,663-176-8878,4000,Scorah_66,p2mf,1,7
67,Fairfax,Destouche,fdestouche1u@desdev.cn,7 Bashford Court,446-424-2947,2000,Destouche_67,dNDB,4,3
68,Gunilla,Gasking,ggasking1v@yahoo.com,6 Fuller Court,389-651-7375,5000,Gasking_68,PtOU,4,8
69,Tersina,Gradon,tgradon1w@unc.edu,477 7th Street,597-498-3004,3000,Gradon_69,Mfmc,2,1
70,Alonso,Davydychev,adavydychev1x@yelp.com,6599 Veith Circle,417-413-0600,2000,Davydychev_70,ozSY,3,5
71,Billye,Lowell,blowell1y@amazon.co.jp,8281 Jay Pass,791-622-2294,3000,Lowell_71,4s0q,2,10
72,Bridget,Hopkynson,bhopkynson1z@dropbox.com,188 Brickson Park Hill,224-380-4983,6000,Hopkynson_72,viOC,2,9
73,Mirabella,Hedges,mhedges20@nationalgeographic.com,9031 Onsgard Hill,386-444-4365,5500,Hedges_73,rHDY,2,9
74,Terrijo,De Ortega,tdeortega21@gov.uk,66 Vermont Trail,425-134-9081,6000,De Ortega_74,eLv3,3,10
75,Monah,Fazan,mfazan22@cloudflare.com,1651 Karstens Junction,267-534-6617,4000,Fazan_75,4IaY,4,2
76,Sharity,Inglesfield,singlesfield23@digg.com,5 Northridge Hill,335-269-0483,3000,Inglesfield_76,dBOt,1,10
77,Griffin,Ducroe,gducroe24@disqus.com,9112 Victoria Way,657-415-5913,4500,Ducroe_77,LBYy,4,7
78,Lira,Lambrecht,llambrecht25@arstechnica.com,0 Mendota Drive,363-891-1977,2500,Lambrecht_78,X6WS,3,2
79,Genna,Yashunin,gyashunin26@addthis.com,36836 Rusk Point,236-239-1407,6000,Yashunin_79,NFgz,1,8
80,Giusto,Eustanch,geustanch27@upenn.edu,9 Texas Park,765-922-8753,6000,Eustanch_80,gGvG,2,1
81,Arne,McIlwaine,amcilwaine28@ihg.com,0612 5th Hill,769-991-5438,5000,McIlwaine_81,968D,4,8
82,Darrel,Bubbear,dbubbear29@sourceforge.net,7253 Artisan Plaza,265-934-4147,2000,Bubbear_82,nblm,1,8
83,Barth,Sullly,bsullly2a@upenn.edu,617 Talmadge Park,815-586-6357,3000,Sullly_83,40Fg,4,4
84,Pepe,Esser,pesser2b@cyberchimps.com,0 Lakewood Gardens Crossing,786-977-6567,2000,Esser_84,qsd7,1,8
85,Vanessa,Madner,vmadner2c@economist.com,6 Anderson Junction,444-319-5903,3000,Madner_85,aX8r,2,7
86,Johnnie,Sorrie,jsorrie2d@t.co,63 Sullivan Court,942-835-3289,5000,Sorrie_86,dDzi,1,8
87,Stanford,Widd,swidd2e@redcross.org,45 Sycamore Circle,700-375-2922,2000,Widd_87,m98I,1,2
88,Dorian,Gooderidge,dgooderidge2f@mapquest.com,013 Memorial Point,906-534-0155,5500,Gooderidge_88,qjkP,2,6
89,Pietrek,Chanders,pchanders2g@timesonline.co.uk,95700 Lighthouse Bay Way,354-152-1355,6000,Chanders_89,jJla,3,7
90,Marya,Foster-Smith,mfostersmith2h@boston.com,0 Mitchell Avenue,703-594-2211,4000,Foster-Smith_90,jRiH,3,7
91,Ansley,Holtum,aholtum2i@cdc.gov,5 Crest Line Plaza,392-225-1896,5000,Holtum_91,IyAa,1,10
92,Sheppard,Neale,sneale2j@boston.com,03 Becker Plaza,326-476-4152,5500,Neale_92,nMZt,2,8
93,Nedda,Ure,nure2k@wired.com,18 Paget Pass,137-384-2902,4500,Ure_93,ksNG,2,2
94,Whitney,Brouard,wbrouard2l@slashdot.org,13 Melody Lane,762-771-7984,2500,Brouard_94,gMkU,2,3
95,Kristopher,Foukx,kfoukx2m@reverbnation.com,23427 Wayridge Point,669-150-5390,6000,Foukx_95,dQDb,1,7
96,Dulcie,Pigott,dpigott2n@istockphoto.com,64615 Basil Parkway,666-750-5173,2500,Pigott_96,22f5,1,1
97,Bat,Jewar,bjewar2o@theatlantic.com,887 Alpine Park,930-410-3503,2000,Jewar_97,8W1d,4,6
98,Reube,Manuely,rmanuely2p@netscape.com,97 Oak Pass,585-595-3672,3000,Manuely_98,LIPs,2,2
99,Steward,Yakovliv,syakovliv2q@ted.com,46411 Vermont Drive,795-442-5229,2500,Yakovliv_99,ZT3M,3,3
100,Greta,Brownsill,gbrownsill2r@imdb.com,56927 Corscot Center,223-395-1504,4000,Brownsill_100,07mK,3,9
101,Abe,Midford,amidford2s@ning.com,21 Lighthouse Bay Plaza,465-333-4335,2000,Midford_101,rmlu,3,10
102,Lawrence,Keets,lkeets2t@intel.com,6 Village Point,917-741-9241,4000,Keets_102,oA1R,4,3
103,Gerardo,Painswick,gpainswick2u@rambler.ru,04012 Hudson Parkway,260-980-3296,5500,Painswick_103,d3po,1,7
104,Bellanca,Noyce,bnoyce2v@dedecms.com,22559 2nd Drive,210-194-5487,4000,Noyce_104,uRqV,2,6
105,Elroy,Ritch,eritch2w@jalbum.net,78487 Basil Way,186-111-1401,3000,Ritch_105,IYpw,1,10
106,Mikkel,Aitchison,maitchison2x@noaa.gov,604 Melody Avenue,331-806-8895,2000,Aitchison_106,00SH,4,7
107,Genvieve,Newsome,gnewsome2y@reverbnation.com,437 Riverside Trail,625-866-5349,3000,Newsome_107,L5it,3,3
108,Aili,Ferrolli,aferrolli2z@ovh.net,9379 Schlimgen Place,427-840-9400,5000,Ferrolli_108,kdt0,2,7
109,Carmon,Macourek,cmacourek30@rediff.com,33232 Evergreen Drive,816-756-9588,4500,Macourek_109,77La,2,4
110,Georgi,Jambrozek,gjambrozek31@cdbaby.com,42917 Nova Park,387-704-8961,6000,Jambrozek_110,p66Y,3,4
111,Christabella,Nunn,cnunn32@boston.com,000 Northland Junction,964-473-9215,4500,Nunn_111,5VOR,1,9
112,Garald,Sparshett,gsparshett33@springer.com,2 Mcguire Plaza,743-823-6345,3000,Sparshett_112,pwrj,4,8
113,Cristen,Erlam,cerlam34@samsung.com,13 Montana Terrace,541-780-0776,3000,Erlam_113,W0pb,3,8
114,Kevyn,Blaza,kblaza35@plala.or.jp,2 Straubel Lane,556-916-2961,3000,Blaza_114,rmNo,1,5
115,Corbet,Knoller,cknoller36@java.com,0111 Scoville Drive,915-936-4358,5000,Knoller_115,9zHx,4,5
116,Adler,Ertel,aertel37@google.ru,74510 Glendale Court,978-903-0797,6000,Ertel_116,allX,2,1
117,Audie,Duny,aduny38@cargocollective.com,4824 Moland Center,572-505-4471,5000,Duny_117,ogvH,3,10
118,Hal,Halgarth,hhalgarth39@uol.com.br,901 Swallow Street,810-835-5354,2500,Halgarth_118,l7eI,3,5
119,Kinnie,Matteacci,kmatteacci3a@stumbleupon.com,00274 Emmet Crossing,308-741-5976,2000,Matteacci_119,YH7O,1,8
120,Penelope,Madre,pmadre3b@dailymail.co.uk,3 Jenna Drive,403-924-4507,4000,Madre_120,SJY3,2,5
121,Antone,Atheis,aatheis3c@parallels.com,791 Carioca Terrace,727-401-1101,5500,Atheis_121,HRFH,4,1
122,Ainslie,Lavis,alavis3d@ning.com,0 Stone Corner Place,181-290-9393,4500,Lavis_122,qG6z,4,2
123,Jo-ann,Volante,jvolante3e@simplemachines.org,80591 Surrey Parkway,652-351-4157,2500,Volante_123,rLVR,2,1
124,Felipe,Carmont,fcarmont3f@diigo.com,776 Schmedeman Park,368-122-2846,4000,Carmont_124,nozr,1,9
125,Hermine,Swaisland,hswaisland3g@hexun.com,5046 Heath Trail,985-999-5454,3000,Swaisland_125,eDXA,3,7
126,Mariette,Lewnden,mlewnden3h@imdb.com,50 La Follette Parkway,314-607-3053,2000,Lewnden_126,Qim5,2,9
127,Melita,Ambrogini,mambrogini3i@nyu.edu,81781 Dahle Pass,339-308-6902,5000,Ambrogini_127,ZegP,2,10
128,Ringo,Hurrell,rhurrell3j@naver.com,9334 Montana Park,140-205-8732,5500,Hurrell_128,jBZY,4,6
129,Rickie,Dohmer,rdohmer3k@blogger.com,20 Thierer Junction,422-616-9274,4500,Dohmer_129,N76S,1,5
130,Gypsy,Muggleton,gmuggleton3l@wunderground.com,70550 Kim Hill,150-326-2206,4500,Muggleton_130,OlE6,2,6
131,Bridget,Symes,bsymes3m@fastcompany.com,1 Shasta Plaza,631-521-3855,2500,Symes_131,NCiS,3,1
132,Amalea,Wedge,awedge3n@ycombinator.com,66 Kenwood Trail,569-305-4744,2000,Wedge_132,MHyE,4,10
133,Rhianna,Galbraith,rgalbraith3o@e-recht24.de,355 Haas Way,400-886-7570,3000,Galbraith_133,DSdN,4,6
134,Budd,Brend,bbrend3p@blogtalkradio.com,96477 Lillian Alley,887-267-7494,4500,Brend_134,DKdg,2,2
135,Darill,Van Giffen,dvangiffen3q@craigslist.org,5 Thompson Street,265-348-2550,3000,Van Giffen_135,qpA3,3,10
136,Nicolina,Mandel,nmandel3r@barnesandnoble.com,9721 Dryden Hill,324-332-5557,4000,Mandel_136,iZAM,2,10
137,Pavlov,Adanez,padanez3s@clickbank.net,935 Sunfield Drive,433-252-4470,5000,Adanez_137,FQH3,2,10
138,Seana,Petrescu,spetrescu3t@slashdot.org,884 Upham Hill,730-939-4321,3000,Petrescu_138,NRqc,3,5
139,Eduino,Kinton,ekinton3u@who.int,2 Dorton Hill,152-116-7654,2500,Kinton_139,9k5u,4,5
140,Tonnie,Selkirk,tselkirk3v@shop-pro.jp,091 Blaine Center,692-684-0196,4000,Selkirk_140,orec,3,8
141,Kip,Beers,kbeers3w@tripod.com,418 Warrior Terrace,605-806-4177,4500,Beers_141,pphN,3,6
142,Shirl,Havick,shavick3x@twitter.com,71 Thierer Lane,706-846-5146,3000,Havick_142,EjjM,4,3
143,Osborne,Coard,ocoard3y@nps.gov,27460 Luster Lane,282-451-0941,3500,Coard_143,ST5z,1,3
144,Corina,Ilewicz,cilewicz3z@cbslocal.com,0 Sage Trail,547-283-7683,4000,Ilewicz_144,diXs,1,4
145,Chaim,Bebbington,cbebbington40@mtv.com,15000 Riverside Terrace,359-143-0821,4000,Bebbington_145,VMPD,4,4
146,Louisa,Oldroyde,loldroyde41@jiathis.com,43926 Rigney Place,854-678-7117,4000,Oldroyde_146,rcuO,4,8
147,Christy,Lampke,clampke42@surveymonkey.com,6 Thierer Road,449-543-6169,4000,Lampke_147,HKBl,1,2
148,Erminia,Dran,edran43@typepad.com,7 Fallview Plaza,865-950-6453,2000,Dran_148,9hni,1,5
149,Valera,Stroban,vstroban44@ameblo.jp,0 Thackeray Park,780-935-5115,3500,Stroban_149,ZmKF,4,1
150,Shelba,Kitchinham,skitchinham45@illinois.edu,891 Crownhardt Park,102-921-1810,2000,Kitchinham_150,cRUw,2,3
151,Dorree,Halvosen,dhalvosen46@ca.gov,1675 Holmberg Place,346-870-0121,5000,Halvosen_151,FzOR,4,3
152,Travis,Giller,tgiller47@1688.com,52250 Bowman Terrace,283-980-6724,3000,Giller_152,Ik6m,4,6
153,Mercy,Swenson,mswenson48@prlog.org,27709 Kipling Plaza,587-700-0462,4000,Swenson_153,YDQk,1,4
154,Shelia,Death,sdeath49@ihg.com,2 Chive Lane,616-881-6261,4000,Death_154,qSwu,3,7
155,Ruthanne,Sambiedge,rsambiedge4a@hud.gov,1 Homewood Crossing,772-199-3655,5000,Sambiedge_155,lkYx,4,7
156,Koren,Cubbinelli,kcubbinelli4b@thetimes.co.uk,368 Barby Circle,467-690-9010,3500,Cubbinelli_156,hbCI,3,2
157,Nike,Persey,npersey4c@example.com,0 Longview Alley,762-862-7725,6000,Persey_157,KuWx,2,4
158,Teddy,Sherbourne,tsherbourne4d@facebook.com,70 Algoma Place,860-479-4810,5500,Sherbourne_158,5IPX,2,10
159,Alis,Laird-Craig,alairdcraig4e@liveinternet.ru,58 Birchwood Point,612-522-7426,5500,Laird-Craig_159,vDsk,1,9
160,Marietta,Fearenside,mfearenside4f@statcounter.com,934 4th Court,236-321-1014,4500,Fearenside_160,Trg3,4,6
161,Bayard,Djekic,bdjekic4g@creativecommons.org,99 Heffernan Park,360-548-1111,2500,Djekic_161,TuL3,1,4
162,Pepillo,Zannetti,pzannetti4h@acquirethisname.com,21404 Briar Crest Alley,658-528-6203,4500,Zannetti_162,SF9K,1,10
163,Annamaria,McMichan,amcmichan4i@diigo.com,85507 International Point,114-698-3024,3500,McMichan_163,yUHg,4,7
164,Tiffy,Probets,tprobets4j@bbc.co.uk,79888 Dexter Alley,449-117-5396,2000,Probets_164,j2zx,2,6
165,Ashley,Hackwell,ahackwell4k@dailymail.co.uk,9500 Hayes Junction,855-202-1490,2000,Hackwell_165,PpdG,2,3
166,Junia,Gonsalvez,jgonsalvez4l@slideshare.net,03 New Castle Drive,260-715-5290,3500,Gonsalvez_166,mjJo,2,8
167,Mace,Ahrend,mahrend4m@storify.com,8 Prairie Rose Street,608-554-1137,3500,Ahrend_167,j2wg,2,10
168,Ardath,Saunier,asaunier4n@ycombinator.com,3838 Reinke Court,776-350-3620,2000,Saunier_168,xsUz,2,10
169,Randal,Blackstock,rblackstock4o@comcast.net,4 Gulseth Point,456-265-1198,5000,Blackstock_169,VPXz,2,8
170,Risa,Gauvin,rgauvin4p@is.gd,0 Becker Circle,763-724-6214,2500,Gauvin_170,YW2z,3,6
171,Homerus,Woodrup,hwoodrup4q@wufoo.com,0 Comanche Hill,671-849-6278,2000,Woodrup_171,z0vU,2,7
172,Adrian,Gascoigne,agascoigne4r@networksolutions.com,93 Village Green Alley,420-274-4782,4500,Gascoigne_172,yUCx,4,8
173,Lana,Chedgey,lchedgey4s@fc2.com,8 Debra Junction,555-683-8723,5000,Chedgey_173,78fu,3,6
174,Simonette,Lutty,slutty4t@dot.gov,467 Maple Pass,485-845-6062,2500,Lutty_174,FbSn,2,5
175,Tommi,Gorman,tgorman4u@fc2.com,4324 Rieder Road,388-453-8814,2000,Gorman_175,GXAO,2,5
176,Jone,Cymper,jcymper4v@hao123.com,30861 Charing Cross Parkway,657-783-2478,3000,Cymper_176,rdKC,4,10
177,Lissa,Watson,lwatson4w@mit.edu,0054 Sundown Avenue,888-206-2690,3000,Watson_177,vXU9,4,7
178,Hayley,Sabate,hsabate4x@lycos.com,6 Mcbride Road,428-122-9163,5000,Sabate_178,xf5x,1,10
179,Colan,Reyne,creyne4y@indiegogo.com,1533 Lien Terrace,487-262-1167,3000,Reyne_179,JmMI,3,2
180,Lesley,Pinwill,lpinwill4z@wunderground.com,2537 Thompson Crossing,147-453-7099,4500,Pinwill_180,KgtS,1,2
181,Wanda,Crookall,wcrookall50@mozilla.org,56 Monument Lane,573-235-6800,4500,Crookall_181,qqj8,4,9
182,Nerte,Swindell,nswindell51@state.gov,4 Rowland Junction,938-112-4860,2500,Swindell_182,XOGL,3,3
183,Joline,Griffithe,jgriffithe52@yandex.ru,431 Longview Park,134-603-7082,3500,Griffithe_183,axLR,1,10
184,Mona,Harbin,mharbin53@amazon.com,781 Nancy Pass,282-547-4791,5000,Harbin_184,krBc,2,6
185,Verena,Stiger,vstiger54@tiny.cc,3072 Elmside Place,358-692-6813,3000,Stiger_185,9kog,3,9
186,Sal,Harbron,sharbron55@wunderground.com,76723 Crowley Lane,513-740-6738,2500,Harbron_186,sbay,3,4
187,Engelbert,Lewing,elewing56@networkadvertising.org,639 Elgar Hill,796-938-8168,5500,Lewing_187,XD6Q,4,3
188,Sigfried,Bart,sbart57@friendfeed.com,06 Everett Junction,720-288-7197,5500,Bart_188,XVVq,1,10
189,Umeko,Scriver,uscriver58@newsvine.com,1603 Darwin Pass,344-690-3062,4500,Scriver_189,a5j0,3,6
190,Bonny,Bortolozzi,bbortolozzi59@feedburner.com,6133 Arizona Court,180-774-3507,2000,Bortolozzi_190,4U2B,4,6
191,Miltie,McLagain,mmclagain5a@domainmarket.com,35 Manley Plaza,131-333-0476,4500,McLagain_191,sxiK,1,7
192,Lia,Burchnall,lburchnall5b@marriott.com,4 Ridge Oak Street,113-300-2107,5500,Burchnall_192,DgNt,4,7
193,Neda,Pavese,npavese5c@economist.com,7 Banding Court,300-879-6316,5000,Pavese_193,Zszx,3,4
194,Raimundo,Weatherdon,rweatherdon5d@noaa.gov,8967 Barnett Street,940-850-6978,5500,Weatherdon_194,vtWS,4,2
195,Evangeline,McMurdo,emcmurdo5e@networkadvertising.org,54873 Ridgeview Avenue,183-944-3332,2500,McMurdo_195,rtFA,4,9
196,Merissa,Tyre,mtyre5f@webmd.com,0 Farmco Avenue,656-729-1203,6000,Tyre_196,Y0ng,2,10
197,Zelma,Jacomb,zjacomb5g@wikia.com,32713 Merrick Plaza,825-401-1848,5500,Jacomb_197,y1lT,4,4
198,Archer,Olyonov,aolyonov5h@mail.ru,0281 Sullivan Junction,715-179-3708,3500,Olyonov_198,C4Fq,4,4
199,Torey,Wiggam,twiggam5i@msu.edu,8823 Kim Point,488-806-0782,2000,Wiggam_199,ze7y,1,9
200,Gretel,Raiston,graiston5j@dell.com,0448 Butternut Hill,183-346-0022,3500,Raiston_200,SYgz,4,2
201,Frankie,Petric,fpetric5k@economist.com,5 Grayhawk Center,534-748-3636,5500,Petric_201,gI5C,2,6
202,Roma,Chill,rchill5l@telegraph.co.uk,2186 Lunder Pass,204-399-9884,2000,Chill_202,5PWZ,3,2
203,Gaspard,Rabb,grabb5m@techcrunch.com,6787 Farwell Trail,418-447-1583,6000,Rabb_203,6yYr,1,1
204,Kirsteni,Apdell,kapdell5n@fema.gov,23464 Marquette Pass,243-674-9794,2500,Apdell_204,uwco,3,7
205,Cletus,Frawley,cfrawley5o@vinaora.com,5 Declaration Hill,233-310-7682,5000,Frawley_205,SGLq,1,9
206,Glendon,Butteris,gbutteris5p@bravesites.com,80 Spohn Center,661-214-1094,6000,Butteris_206,fT5G,4,5
207,Belva,Devin,bdevin5q@ucoz.com,00 Emmet Parkway,333-771-1313,2000,Devin_207,GeLd,3,4
208,Constantine,Jonson,cjonson5r@purevolume.com,04009 Sundown Park,871-629-3307,4000,Jonson_208,aD8z,4,3
209,Kiele,Ilem,kilem5s@nps.gov,40114 Fulton Plaza,289-260-6408,6000,Ilem_209,qHFp,4,4
210,Jo,Petrik,jpetrik5t@walmart.com,9823 Melvin Hill,488-642-7448,3000,Petrik_210,Nb9q,1,7
211,Gina,Pabelik,gpabelik5u@spotify.com,01 Old Shore Center,834-198-1312,2000,Pabelik_211,KJuR,4,7
212,Cord,Thorrold,cthorrold5v@nytimes.com,78934 Merchant Trail,658-399-1323,4000,Thorrold_212,Jx5B,1,3
213,Leanora,Doubleday,ldoubleday5w@woothemes.com,1 Stuart Plaza,963-198-9569,2000,Doubleday_213,oP7g,2,2
214,Alameda,Gemlbett,agemlbett5x@ocn.ne.jp,42 Quincy Parkway,691-341-0159,3000,Gemlbett_214,bbFm,4,9
215,Devonne,Garvagh,dgarvagh5y@miitbeian.gov.cn,819 Raven Junction,985-942-7763,3000,Garvagh_215,lWQ1,3,1
216,Jamaal,Souten,jsouten5z@unesco.org,7073 Harper Circle,838-417-7796,2500,Souten_216,kMYU,1,3
217,Lorelle,MacVicar,lmacvicar60@dailymotion.com,5 Meadow Ridge Hill,305-100-3978,2500,MacVicar_217,odgN,3,5
218,Noble,Djurkovic,ndjurkovic61@sfgate.com,6885 Beilfuss Alley,931-658-5067,4000,Djurkovic_218,HfSB,3,10
219,Erina,Ridoutt,eridoutt62@washington.edu,53116 Annamark Place,654-345-5076,4000,Ridoutt_219,JSjN,2,5
220,Kesley,Fylan,kfylan63@disqus.com,6491 Amoth Junction,815-106-3980,3000,Fylan_220,Lp9H,3,6
221,Cordelia,Castlake,ccastlake64@blogspot.com,2 Crownhardt Center,558-245-8092,6000,Castlake_221,7kac,3,4
222,Kristofer,Lapides,klapides65@berkeley.edu,3670 Onsgard Hill,693-759-3339,5500,Lapides_222,jUl5,2,2
223,Albina,Liccardo,aliccardo66@cocolog-nifty.com,95339 Corben Trail,862-907-6509,3000,Liccardo_223,dKPH,2,3
224,Alanna,Ridler,aridler67@netscape.com,3 Golden Leaf Street,894-117-3733,5500,Ridler_224,mDar,2,2
225,Gabbie,Sidnell,gsidnell68@drupal.org,781 Rigney Trail,343-444-3976,2500,Sidnell_225,uMX9,3,1
226,Julius,Rivalant,jrivalant69@4shared.com,561 Havey Avenue,454-528-6596,6000,Rivalant_226,gt5M,3,2
227,Rollo,Muat,rmuat6a@jigsy.com,6233 Anzinger Terrace,338-500-9125,6000,Muat_227,T6to,4,4
228,Madonna,Abrahamian,mabrahamian6b@msu.edu,274 Green Ridge Center,913-814-0395,6000,Abrahamian_228,LE7A,3,3
229,Stevena,Crippen,scrippen6c@xinhuanet.com,74 Golf View Road,966-362-5350,2000,Crippen_229,dJJj,4,3
230,Dewain,Oby,doby6d@unc.edu,67 Hanover Street,245-679-1657,5500,Oby_230,ATrx,3,10
231,Isak,Jobling,ijobling6e@dot.gov,629 Graedel Trail,323-601-2097,2000,Jobling_231,imyp,1,4
232,Buiron,de Clerk,bdeclerk6f@columbia.edu,898 Welch Trail,504-681-9373,4500,de Clerk_232,a6DF,3,5
233,Tory,Maddams,tmaddams6g@com.com,41 Stephen Way,626-704-4850,4000,Maddams_233,UakG,3,1
234,Myrah,Coffee,mcoffee6h@biglobe.ne.jp,9465 Parkside Avenue,570-163-2626,3500,Coffee_234,vqTM,2,1
235,Editha,Orth,eorth6i@hp.com,117 Jenifer Road,861-543-6880,5500,Orth_235,VQov,4,7
236,Morly,Clutterbuck,mclutterbuck6j@sphinn.com,887 5th Point,499-762-7835,6000,Clutterbuck_236,L8gO,4,2
237,Catharine,Gowlett,cgowlett6k@timesonline.co.uk,328 Moulton Pass,533-119-9199,5500,Gowlett_237,0JNp,1,7
238,Scotty,Seller,sseller6l@soup.io,328 Melvin Avenue,568-942-4395,5500,Seller_238,Uyub,2,1
239,Korey,Bowyer,kbowyer6m@nyu.edu,3355 Sutteridge Parkway,698-325-6270,5500,Bowyer_239,jmuu,1,1
240,Cammi,Dwelley,cdwelley6n@wordpress.org,7993 Fordem Road,482-360-9975,5000,Dwelley_240,14qw,1,6
241,Mattias,Pagan,mpagan6o@4shared.com,309 Lighthouse Bay Place,141-879-2749,5500,Pagan_241,4l70,1,8
242,Vic,Mayling,vmayling6p@jimdo.com,2954 Garrison Drive,818-877-2364,4500,Mayling_242,GWS8,4,2
243,Johann,Kelston,jkelston6q@linkedin.com,132 Corben Crossing,210-486-5269,4500,Kelston_243,F45M,2,4
244,Kathy,Boykett,kboykett6r@yelp.com,006 Center Hill,713-716-8141,2500,Boykett_244,deAg,1,1
245,Karlie,Ingles,kingles6s@hao123.com,59 Caliangt Drive,143-101-1101,3500,Ingles_245,PHFW,1,3
246,Margarethe,Choake,mchoake6t@goo.gl,001 Charing Cross Junction,608-103-0630,5500,Choake_246,VrtF,3,5
247,Linn,Phillput,lphillput6u@npr.org,11 Truax Junction,569-434-0574,2500,Phillput_247,hoYO,4,6
248,Rosemaria,Fendlow,rfendlow6v@reuters.com,77 Burrows Pass,164-997-7731,2000,Fendlow_248,tEI1,3,10
249,Whitman,Tayt,wtayt6w@theglobeandmail.com,38 Anniversary Center,582-958-2155,5500,Tayt_249,vBlC,2,5
250,Marshall,Lefever,mlefever6x@ow.ly,5370 Hintze Alley,812-669-0580,2000,Lefever_250,BkKJ,3,10
251,Clare,Pulham,cpulham6y@opensource.org,7 Thackeray Junction,131-577-6970,3000,Pulham_251,OjoA,4,1
252,Arnold,Attridge,aattridge6z@acquirethisname.com,3 Tony Avenue,689-510-9087,4000,Attridge_252,4Imr,1,8
253,Phillipp,Renac,prenac70@un.org,0886 Knutson Terrace,330-856-2437,5500,Renac_253,N8nw,2,5
254,Wolf,Ginnane,wginnane71@digg.com,799 Schlimgen Road,913-688-7826,3500,Ginnane_254,zWJF,3,8
255,Ivonne,Nornable,inornable72@quantcast.com,6 Morning Point,552-886-2413,2000,Nornable_255,6LaK,1,9
256,Kacy,Leon,kleon73@hatena.ne.jp,06155 Fordem Park,382-329-6040,4500,Leon_256,KtpA,4,1
257,Nertie,Gynn,ngynn74@fda.gov,654 Morrow Point,948-517-4660,3000,Gynn_257,PMqj,2,6
258,Corenda,Schroter,cschroter75@prlog.org,53 Morning Pass,381-732-0999,3000,Schroter_258,yG2x,3,8
259,Rozina,Tripony,rtripony76@myspace.com,1 Merchant Street,824-809-7375,3500,Tripony_259,YrT2,1,1
260,Anthe,Endicott,aendicott77@meetup.com,0 Green Plaza,533-701-1380,3000,Endicott_260,N3zH,4,9
261,Rosamund,Churchard,rchurchard78@weibo.com,05 Bonner Crossing,574-893-1678,5500,Churchard_261,3I2q,1,3
262,Gunther,Kopelman,gkopelman79@hexun.com,39 Norway Maple Hill,370-675-2562,5500,Kopelman_262,6L1P,1,10
263,Albina,Gormally,agormally7a@cbslocal.com,5 West Pass,824-998-1456,5000,Gormally_263,C7MV,3,2
264,Moyra,Rangall,mrangall7b@bbc.co.uk,06 Parkside Circle,771-824-7658,4000,Rangall_264,e0Kr,3,10
265,Yvor,Redgrove,yredgrove7c@webs.com,446 Autumn Leaf Crossing,373-132-4249,5000,Redgrove_265,DEfS,2,8
266,Keene,Work,kwork7d@intel.com,6 Shasta Place,790-973-8673,4000,Work_266,0zCl,1,6
267,Marshal,Ducker,mducker7e@state.gov,2 Bobwhite Avenue,289-192-3227,2500,Ducker_267,xm32,3,3
268,Talya,Perris,tperris7f@bbb.org,9857 Buell Hill,673-815-8893,4500,Perris_268,RSUq,2,8
269,Claiborne,Roose,croose7g@skyrock.com,9 Wayridge Lane,121-581-3621,5500,Roose_269,qwqC,1,8
270,Torrey,Ruffell,truffell7h@pagesperso-orange.fr,8829 Towne Avenue,886-473-7704,5500,Ruffell_270,SpdG,3,6
271,Gibby,Tythacott,gtythacott7i@sfgate.com,3 Mallory Center,273-417-3502,4000,Tythacott_271,s2SF,2,9
272,Sanderson,Coltherd,scoltherd7j@aol.com,497 Weeping Birch Park,765-490-0203,4000,Coltherd_272,GJdz,3,9
273,Sunny,Tague,stague7k@globo.com,46 Saint Paul Center,675-547-6106,5000,Tague_273,CJ3l,3,5
274,Aguistin,Jost,ajost7l@statcounter.com,327 Merchant Way,451-729-9141,6000,Jost_274,M6JH,3,4
275,Hashim,Andre,handre7m@linkedin.com,6490 Marquette Alley,285-376-3412,5000,Andre_275,5KMx,3,8
276,Tonnie,Meaney,tmeaney7n@msn.com,90937 Green Ridge Terrace,598-661-9249,2500,Meaney_276,H9zA,3,3
277,Fields,Eglaise,feglaise7o@tripadvisor.com,18 Crownhardt Circle,716-501-5445,4500,Eglaise_277,5Qww,1,1
278,Anissa,Maughan,amaughan7p@npr.org,744 Truax Lane,411-178-0314,5500,Maughan_278,LNgL,1,2
279,Maxie,Pumphreys,mpumphreys7q@hibu.com,489 Annamark Circle,375-806-1637,5000,Pumphreys_279,CxtG,1,1
280,Keven,Ulyatt,kulyatt7r@issuu.com,9 Randy Pass,396-499-7856,2500,Ulyatt_280,rVi3,4,8
281,Shaylah,Moggach,smoggach7s@loc.gov,1 Commercial Way,751-658-6085,4500,Moggach_281,kddZ,2,6
282,Saunder,Mawne,smawne7t@prweb.com,7 Towne Crossing,363-987-1063,2500,Mawne_282,VJkT,2,1
283,Si,Stanman,sstanman7u@cbslocal.com,7626 Debra Point,192-206-1556,5000,Stanman_283,qO5H,2,4
284,Dael,Colbertson,dcolbertson7v@sitemeter.com,57 Emmet Junction,882-393-3141,2500,Colbertson_284,HCf6,3,9
285,Jemmy,Osgood,josgood7w@gov.uk,1727 Weeping Birch Center,350-413-8004,5000,Osgood_285,fthb,3,9
286,Yank,Ranken,yranken7x@theglobeandmail.com,1 Moose Road,344-546-4694,2500,Ranken_286,9x9l,3,10
287,Erinn,Forty,eforty7y@cbc.ca,91 Surrey Street,426-849-0311,4000,Forty_287,kWEe,2,7
288,Marilee,Autrie,mautrie7z@geocities.jp,5 Continental Junction,513-944-5188,3000,Autrie_288,xiJw,4,2
289,Jenilee,Caplen,jcaplen80@time.com,93508 Pleasure Plaza,627-944-9192,4500,Caplen_289,L4LS,4,1
290,Fedora,Wandrack,fwandrack81@marketwatch.com,002 Bartelt Street,745-572-6405,3000,Wandrack_290,dtyl,2,6
291,Iggie,Gleadhall,igleadhall82@i2i.jp,9 Mandrake Hill,347-316-8996,4000,Gleadhall_291,DjvK,1,5
292,Cecilius,Spancock,cspancock83@patch.com,4 Doe Crossing Place,115-951-8566,5000,Spancock_292,5AXX,1,2
293,Benetta,Storek,bstorek84@geocities.com,57708 Nova Road,765-638-1491,2000,Storek_293,XSgl,3,7
294,Hugo,Drivers,hdrivers85@slashdot.org,094 Anniversary Lane,783-814-7554,5000,Drivers_294,KbZb,1,4
295,Cyrillus,Brimilcombe,cbrimilcombe86@aol.com,35870 Roth Crossing,845-130-0799,4500,Brimilcombe_295,0iCf,2,1
296,Dorian,Praundl,dpraundl87@miibeian.gov.cn,1016 Independence Terrace,244-121-7525,3500,Praundl_296,tyzo,2,9
297,Nate,Cruess,ncruess88@taobao.com,86022 Myrtle Center,120-572-5262,3000,Cruess_297,P4wt,3,4
298,Blanch,Nockells,bnockells89@livejournal.com,9 Algoma Street,612-705-7366,2000,Nockells_298,WWDm,1,8
299,Conrad,Ardley,cardley8a@last.fm,3 Eastlawn Road,974-506-9820,3000,Ardley_299,dwqD,3,3
300,Ashlee,Buttrum,abuttrum8b@chron.com,2695 Nova Road,144-448-1274,5000,Buttrum_300,IVzs,2,1
301,Giff,Marskell,gmarskell8c@digg.com,33 Blue Bill Park Alley,265-709-5572,3500,Marskell_301,zSUU,2,4
302,Case,Kyle,ckyle8d@deliciousdays.com,72627 Randy Road,997-805-7023,3500,Kyle_302,3Kk5,2,3
303,Egan,Thwaites,ethwaites8e@cbslocal.com,2 Meadow Valley Plaza,953-860-1389,5500,Thwaites_303,ozsA,1,1
304,Agnola,de Glanville,adeglanville8f@opensource.org,868 Butternut Circle,254-484-1102,2500,de Glanville_304,BjNd,3,2
305,Maxy,Dungay,mdungay8g@edublogs.org,0841 Lien Court,306-548-7081,2000,Dungay_305,vT6k,2,2
306,Charis,Denisyuk,cdenisyuk8h@clickbank.net,71587 Dixon Plaza,658-125-8315,5500,Denisyuk_306,f9ju,2,3
307,Serena,Capinetti,scapinetti8i@ovh.net,7155 Upham Plaza,503-547-5562,3000,Capinetti_307,oR9E,2,7
308,Logan,Colly,lcolly8j@statcounter.com,4 Stuart Terrace,845-752-7388,6000,Colly_308,AGas,2,10
309,Scotti,Geater,sgeater8k@netscape.com,6 Fairfield Terrace,811-527-4765,4500,Geater_309,3eWq,4,6
310,Julienne,Assender,jassender8l@va.gov,0073 Forster Park,724-259-0109,2000,Assender_310,DfRq,2,7
311,Cobb,Gillard,cgillard8m@senate.gov,1 Mallory Circle,926-635-6622,4000,Gillard_311,k8r7,1,1
312,Shoshanna,Fullom,sfullom8n@imdb.com,515 School Way,331-333-6290,6000,Fullom_312,ZMhY,3,9
313,Gregor,Abbatini,gabbatini8o@wiley.com,04 Vidon Avenue,472-260-3446,3000,Abbatini_313,LntF,3,10
314,Ber,Hourican,bhourican8p@wiley.com,523 Rockefeller Avenue,857-233-3028,4500,Hourican_314,q6uH,2,1
315,Johnath,Rubanenko,jrubanenko8q@etsy.com,205 North Parkway,110-584-3323,4000,Rubanenko_315,FY2K,2,10
316,Bernie,Rubenovic,brubenovic8r@feedburner.com,6677 Helena Park,862-578-3940,5000,Rubenovic_316,Nr6S,3,9
317,De,Gerred,dgerred8s@angelfire.com,453 Farmco Trail,422-298-7296,4500,Gerred_317,3kFQ,2,8
318,Moss,Gildersleaves,mgildersleaves8t@bloomberg.com,8 Hanover Way,732-661-1946,3000,Gildersleaves_318,y2vl,3,9
319,Alf,Janson,ajanson8u@xing.com,7 Continental Drive,256-882-4686,2500,Janson_319,ltVm,4,2
320,Jesse,Farlham,jfarlham8v@oaic.gov.au,79546 Marcy Drive,172-122-4770,4500,Farlham_320,i5oy,4,8
321,Elena,Beven,ebeven8w@yandex.ru,8221 Lunder Plaza,207-634-2034,2000,Beven_321,qUgU,1,6
322,Rebbecca,Zoppo,rzoppo8x@loc.gov,17 Arkansas Point,525-770-7157,3500,Zoppo_322,gLPy,2,10
323,Jelene,De'Ath,jdeath8y@diigo.com,3 Starling Way,472-929-2871,5000,De'Ath_323,y4cf,4,1
324,Gilles,Phillcox,gphillcox8z@virginia.edu,2 Utah Alley,531-471-5100,4500,Phillcox_324,pUSQ,3,1
325,Laurie,Longstaff,llongstaff90@51.la,84 Mockingbird Alley,815-945-2877,5500,Longstaff_325,3N7J,1,10
326,Tiffi,Yurov,tyurov91@msn.com,044 Cody Parkway,782-358-5945,5500,Yurov_326,HtW1,2,5
327,Renado,Gillice,rgillice92@apache.org,799 Farmco Place,981-715-4762,3000,Gillice_327,yIEU,3,5
328,Rosemaria,Jurkiewicz,rjurkiewicz93@dell.com,7517 Grover Way,289-148-2011,5500,Jurkiewicz_328,P5PO,3,3
329,Ilario,Gopsill,igopsill94@biglobe.ne.jp,73 Southridge Hill,256-241-2139,3000,Gopsill_329,J0Z9,4,4
330,Eduardo,Grassick,egrassick95@paginegialle.it,8 Judy Lane,988-300-0432,3000,Grassick_330,oOwN,3,10
331,Virgie,Flitcroft,vflitcroft96@skype.com,5012 Columbus Center,257-715-8114,5000,Flitcroft_331,6xnB,1,2
332,Kandace,Fuentez,kfuentez97@nsw.gov.au,01 Stoughton Alley,901-755-8636,2000,Fuentez_332,1XpY,4,3
333,Rollo,Doolan,rdoolan98@domainmarket.com,0 Pine View Circle,257-941-1123,2000,Doolan_333,u2Sd,4,9
334,Calla,Mateus,cmateus99@amazon.co.jp,2 Lunder Road,480-161-0555,4500,Mateus_334,NQa2,3,5
335,Nero,Camings,ncamings9a@japanpost.jp,60 Mayfield Point,532-843-2194,2000,Camings_335,cDlv,3,7
336,Christiane,Riggoll,criggoll9b@rakuten.co.jp,49321 Waubesa Junction,856-246-9300,4500,Riggoll_336,tIHt,2,10
337,Hasheem,Bavester,hbavester9c@bing.com,0 Roxbury Avenue,167-496-4327,3500,Bavester_337,qH4K,4,7
338,Gabrielle,Freen,gfreen9d@ow.ly,8 Gale Junction,853-143-7975,6000,Freen_338,labl,1,5
339,Grace,Sokale,gsokale9e@tumblr.com,7078 Londonderry Road,287-940-2159,2500,Sokale_339,VrC6,4,7
340,Lindon,Biggadike,lbiggadike9f@arizona.edu,37138 High Crossing Hill,189-583-6394,2000,Biggadike_340,zyy1,2,6
341,Sean,Jammes,sjammes9g@patch.com,806 Longview Place,632-947-3633,2500,Jammes_341,Xfrh,3,6
342,Frances,McKern,fmckern9h@dropbox.com,0078 Messerschmidt Parkway,853-330-6476,5500,McKern_342,F1CC,3,2
343,Christye,Boxall,cboxall9i@people.com.cn,8869 Clemons Way,339-620-2893,6000,Boxall_343,Q1Th,3,5
344,Conn,Spurrior,cspurrior9j@about.com,64476 Cherokee Alley,857-624-6675,4000,Spurrior_344,Nxsi,3,3
345,Hobie,Saddleton,hsaddleton9k@reverbnation.com,49535 Surrey Street,974-567-4929,2000,Saddleton_345,P26J,2,10
346,Myles,Addeycott,maddeycott9l@amazon.com,8346 Bay Point,211-444-5949,2000,Addeycott_346,P5QH,3,5
347,Delmer,Fagan,dfagan9m@sphinn.com,6 Texas Hill,145-168-2680,3500,Fagan_347,o5RZ,4,6
348,Roslyn,Wellesley,rwellesley9n@vistaprint.com,10 American Park,813-408-8650,2500,Wellesley_348,QIiu,1,7
349,Jehanna,Kenwrick,jkenwrick9o@indiatimes.com,9 Walton Alley,742-730-9185,4000,Kenwrick_349,qdfU,4,8
350,Kelly,De la Yglesia,kdelayglesia9p@comsenz.com,84 Ohio Junction,725-100-5142,3000,De la Yglesia_350,F7Ld,1,8
351,Raine,Kinchley,rkinchley9q@kickstarter.com,0 Thompson Park,350-958-1072,5500,Kinchley_351,78Ws,2,10
352,Gamaliel,Guthrum,gguthrum9r@rambler.ru,00801 Marquette Point,435-549-3557,5000,Guthrum_352,wIBb,4,7
353,Malva,Attewill,mattewill9s@taobao.com,135 1st Avenue,411-918-7819,3000,Attewill_353,rQZI,2,6
354,Todd,Lyddyard,tlyddyard9t@addthis.com,8811 American Ash Drive,177-986-0871,2500,Lyddyard_354,YhHA,1,2
355,Wayland,Cobby,wcobby9u@purevolume.com,6 Tennessee Crossing,657-124-7633,4500,Cobby_355,zm1K,2,3
356,Augustin,Sollars,asollars9v@parallels.com,5 Roxbury Road,571-962-2959,6000,Sollars_356,kuNu,2,9
357,Gustavo,Frogley,gfrogley9w@cargocollective.com,8512 Dapin Place,168-956-7292,2500,Frogley_357,oAfD,3,3
358,Adrian,Arcase,aarcase9x@vistaprint.com,705 Russell Center,865-493-6576,6000,Arcase_358,kREP,2,1
359,Nickolai,Kinavan,nkinavan9y@thetimes.co.uk,30 Swallow Avenue,509-867-4444,5500,Kinavan_359,7LKD,3,8
360,Ashly,Gullifant,agullifant9z@barnesandnoble.com,7 Muir Terrace,373-463-1535,5000,Gullifant_360,4ECT,1,6
361,Gerik,Wasteney,gwasteneya0@sourceforge.net,80 Portage Plaza,329-303-4723,3000,Wasteney_361,3Kkm,3,2
362,Paxton,Tigner,ptignera1@ihg.com,6430 Oak Terrace,805-857-4549,5000,Tigner_362,dL6y,1,5
363,Dorolice,Schiersch,dschierscha2@elpais.com,1 Veith Trail,555-947-2207,5500,Schiersch_363,eovS,1,5
364,Lucilia,Patinkin,lpatinkina3@macromedia.com,86 Eagle Crest Place,191-744-8428,2000,Patinkin_364,qING,4,3
365,Zabrina,Stubbe,zstubbea4@hp.com,339 Delaware Parkway,563-377-6388,5000,Stubbe_365,gUVA,3,1
366,Sollie,MacGowan,smacgowana5@wired.com,1033 Columbus Terrace,492-721-5585,2000,MacGowan_366,TY30,2,5
367,Nickolaus,Fibbitts,nfibbittsa6@about.me,0 Anhalt Parkway,141-861-5111,4000,Fibbitts_367,sIAI,3,6
368,Christie,Swainsbury,cswainsburya7@last.fm,08390 Morning Hill,533-798-6391,5500,Swainsbury_368,gKHo,4,6
369,Stephan,Poulglais,spoulglaisa8@fda.gov,87 Dakota Center,750-575-6727,3000,Poulglais_369,xUsq,2,7
370,Cordell,Western,cwesterna9@ifeng.com,82 Sommers Terrace,379-306-3383,3000,Western_370,d2Er,1,6
371,Marena,Tremelling,mtremellingaa@xinhuanet.com,825 Namekagon Alley,513-364-3050,6000,Tremelling_371,4LZ1,4,4
372,Nanni,Waind,nwaindab@tinyurl.com,9 Anhalt Terrace,811-337-1175,4500,Waind_372,dHYY,4,3
373,Crosby,Braundt,cbraundtac@msu.edu,56241 Butternut Point,259-310-4356,3000,Braundt_373,yDSt,1,4
374,Stafani,Sired,ssiredad@deviantart.com,843 Graedel Plaza,458-808-3271,5500,Sired_374,5AHe,2,3
375,Halette,MacQuist,hmacquistae@oracle.com,53 Lake View Hill,334-130-7959,6000,MacQuist_375,R4SH,1,5
376,Libbey,Dunkerton,ldunkertonaf@cdbaby.com,77437 Crescent Oaks Center,463-954-3320,2000,Dunkerton_376,Z3r3,1,8
377,Lannie,Kaminski,lkaminskiag@yolasite.com,6 Service Alley,984-196-4341,3000,Kaminski_377,yEyc,3,8
378,Dunstan,Bullcock,dbullcockah@ehow.com,4597 Westport Way,301-513-5534,3500,Bullcock_378,t0yG,1,10
379,Abeu,Saby,asabyai@microsoft.com,44 5th Lane,495-634-3698,5500,Saby_379,HH9f,2,6
380,Lilah,Varley,lvarleyaj@census.gov,87657 Oak Lane,589-780-3934,3500,Varley_380,oKc7,2,8
381,Valaria,Briscow,vbriscowak@dion.ne.jp,335 Westerfield Way,889-311-7356,2500,Briscow_381,Bgvz,1,7
382,Netti,Girardot,ngirardotal@barnesandnoble.com,9328 American Trail,906-640-8049,5500,Girardot_382,BodV,3,3
383,Misty,Ranaghan,mranaghanam@chron.com,17256 Thompson Alley,780-506-6644,4500,Ranaghan_383,ddD8,3,1
384,Trever,Wordesworth,twordesworthan@sina.com.cn,4 Pawling Terrace,455-296-5809,5500,Wordesworth_384,I6Jl,1,8
385,Phillie,Dauncey,pdaunceyao@yelp.com,35902 Huxley Trail,200-853-9190,4500,Dauncey_385,5jW7,2,3
386,Malory,Wavish,mwavishap@qq.com,52585 Truax Parkway,941-363-0211,6000,Wavish_386,xTmP,2,4
387,Emelda,Kalewe,ekaleweaq@hatena.ne.jp,58 Badeau Place,157-456-5688,3500,Kalewe_387,kfOM,2,1
388,Antonin,Wooderson,awoodersonar@rediff.com,3 Mockingbird Avenue,811-742-1391,3000,Wooderson_388,vjIg,3,7
389,Sabine,Northrop,snorthropas@vk.com,41 Meadow Valley Terrace,578-791-6076,2500,Northrop_389,AqTg,4,2
390,Jorry,Cosbey,jcosbeyat@addthis.com,102 Lakewood Road,906-158-8447,5500,Cosbey_390,qHoz,2,4
391,Richie,Huyge,rhuygeau@skyrock.com,2 Jay Avenue,410-301-6025,3500,Huyge_391,O1pn,2,1
392,Dal,Kyteley,dkyteleyav@goo.gl,40508 Gateway Place,356-636-2167,5000,Kyteley_392,Bthf,1,10
393,Claybourne,Petracco,cpetraccoaw@hubpages.com,6440 Pepper Wood Terrace,213-942-7560,2500,Petracco_393,nbZp,2,6
394,Augy,Healey,ahealeyax@uol.com.br,59 Pine View Park,302-898-7866,3500,Healey_394,XZh6,3,9
395,Davide,Bartholin,dbartholinay@trellian.com,65 Londonderry Street,128-812-3425,2000,Bartholin_395,xjGy,4,1
396,Charisse,Tissington,ctissingtonaz@xing.com,1294 Mariners Cove Parkway,283-238-3327,5000,Tissington_396,MjrK,1,2
397,Hermy,Byng,hbyngb0@aol.com,597 Upham Junction,127-571-7230,3000,Byng_397,KAdS,2,1
398,Lilla,Kuna,lkunab1@elpais.com,5374 Colorado Crossing,338-565-6654,5500,Kuna_398,I82l,2,4
399,Mart,MacWilliam,mmacwilliamb2@accuweather.com,91888 Aberg Pass,156-927-0145,4000,MacWilliam_399,ApSZ,1,1
400,Jabez,Rushforth,jrushforthb3@goo.gl,443 Rowland Pass,346-225-0101,3500,Rushforth_400,pSHE,4,5
401,Thelma,Fassam,tfassamb4@sohu.com,3453 Pennsylvania Junction,324-254-5809,2500,Fassam_401,RFQm,1,1
402,Theo,Hegg,theggb5@bluehost.com,293 Autumn Leaf Drive,673-193-4178,5000,Hegg_402,nGHi,1,8
403,Artemas,Eynald,aeynaldb6@theglobeandmail.com,2 Saint Paul Parkway,960-694-2729,3500,Eynald_403,SpWH,2,5
404,Gianina,Garwill,ggarwillb7@gmpg.org,305 Old Gate Point,968-340-5236,4500,Garwill_404,L44N,4,10
405,Morris,Doget,mdogetb8@surveymonkey.com,7883 Melody Park,561-674-0195,5500,Doget_405,D8Pr,4,9
406,Marna,Heak,mheakb9@mtv.com,32034 Loeprich Alley,331-875-1594,5000,Heak_406,Utw3,2,8
407,Midge,Pitbladdo,mpitbladdoba@mapquest.com,62375 Amoth Street,362-599-1253,4500,Pitbladdo_407,Gxj2,3,1
408,Charlton,Annice,cannicebb@yandex.ru,4822 Algoma Lane,773-855-5444,3000,Annice_408,Iesv,1,1
409,Silvester,Beebis,sbeebisbc@paypal.com,3370 Killdeer Alley,112-834-0719,3500,Beebis_409,DOWf,3,6
410,Becky,Phethean,bphetheanbd@si.edu,0081 Bellgrove Crossing,784-164-7766,2500,Phethean_410,W0hx,3,7
411,Harry,Lias,hliasbe@naver.com,90 Susan Alley,818-187-0155,3000,Lias_411,IWxv,3,1
412,Bethena,Adlington,badlingtonbf@yelp.com,84 Melby Lane,245-296-6446,2500,Adlington_412,59HJ,2,1
413,Sherm,Gelland,sgellandbg@un.org,0395 Boyd Trail,198-627-5367,3500,Gelland_413,elGW,2,10
414,Devina,Gley,dgleybh@sakura.ne.jp,6 Lakeland Circle,398-169-6831,5000,Gley_414,ZpIk,2,9
415,Cleveland,Weldon,cweldonbi@cpanel.net,870 Barby Terrace,349-937-0623,2000,Weldon_415,C4RM,1,4
416,Kelcy,Grigs,kgrigsbj@godaddy.com,0 Northwestern Plaza,713-389-9061,3000,Grigs_416,BQpv,4,9
417,Thorny,MacSwayde,tmacswaydebk@sina.com.cn,06296 Ridgeview Lane,105-682-5071,2000,MacSwayde_417,DPlt,3,1
418,Benn,Wozencroft,bwozencroftbl@bigcartel.com,7688 Bartillon Junction,163-230-1889,4000,Wozencroft_418,nTXB,1,10
419,Harlene,Lundberg,hlundbergbm@boston.com,64352 Ronald Regan Pass,639-934-7539,4500,Lundberg_419,TYud,1,7
420,Giffy,Halbeard,ghalbeardbn@admin.ch,8 Jay Junction,919-690-3019,6000,Halbeard_420,iJwq,3,5
421,Harv,Longwood,hlongwoodbo@amazon.co.uk,7387 Lindbergh Lane,841-728-5495,3500,Longwood_421,DTzZ,1,1
422,Joleen,Heersema,jheersemabp@aboutads.info,28 Lawn Road,249-317-8606,3500,Heersema_422,nyNe,3,4
423,Alon,Bunclark,abunclarkbq@auda.org.au,37 Lillian Avenue,606-581-5386,5000,Bunclark_423,YSCa,1,10
424,Cherlyn,Weagener,cweagenerbr@microsoft.com,72226 Grim Crossing,499-997-2072,5000,Weagener_424,OjBt,1,7
425,Gibb,Olsson,golssonbs@irs.gov,86 Nobel Drive,863-935-5637,3000,Olsson_425,rWFz,3,7
426,Darius,Mazonowicz,dmazonowiczbt@amazonaws.com,63 Center Alley,163-393-2424,2000,Mazonowicz_426,aF0c,4,5
427,Adrian,Dirr,adirrbu@geocities.com,510 Park Meadow Circle,186-774-1023,5000,Dirr_427,hRzd,3,9
428,Beatrisa,Lamberts,blambertsbv@example.com,579 Victoria Street,458-106-2424,2000,Lamberts_428,z1zU,3,6
429,Oralia,Behrendsen,obehrendsenbw@printfriendly.com,91 Schlimgen Center,600-883-1639,2500,Behrendsen_429,3AUy,4,6
430,Kim,Deetlefs,kdeetlefsbx@sourceforge.net,29 Sundown Lane,731-344-6485,3500,Deetlefs_430,6FWm,3,3
431,Elyssa,Normavell,enormavellby@wufoo.com,74298 Michigan Circle,696-714-5750,2000,Normavell_431,z82f,4,6
432,Tabby,Danick,tdanickbz@wordpress.com,956 Holmberg Center,496-619-9740,3500,Danick_432,x860,4,2
433,Nial,Newark,nnewarkc0@weibo.com,6 Pine View Road,689-509-4116,6000,Newark_433,QL8W,4,9
434,Leeann,Haymes,lhaymesc1@microsoft.com,2668 Alpine Place,292-123-0269,4500,Haymes_434,Fqgr,3,4
435,Austina,Gervaise,agervaisec2@live.com,640 Crowley Plaza,175-297-4805,3500,Gervaise_435,0fr1,1,10
436,Calley,Meatyard,cmeatyardc3@ifeng.com,21952 Alpine Crossing,278-761-3077,2000,Meatyard_436,s0v1,2,9
437,Shirley,Coldridge,scoldridgec4@cdc.gov,71 Johnson Lane,809-437-4140,3000,Coldridge_437,Ccom,1,3
438,Gorden,Clampe,gclampec5@exblog.jp,61497 Tomscot Circle,770-562-0313,6000,Clampe_438,osNA,1,5
439,Lulu,Boc,lbocc6@theglobeandmail.com,1 Shopko Way,555-560-4021,5500,Boc_439,bCrR,3,8
440,Yehudit,Mathie,ymathiec7@github.com,196 Spaight Avenue,751-312-5966,4500,Mathie_440,JzjC,4,5
441,Nike,Enrico,nenricoc8@constantcontact.com,9 Eastlawn Lane,766-896-2310,5000,Enrico_441,hBld,4,2
442,Hendrick,Strowther,hstrowtherc9@cargocollective.com,693 Schmedeman Trail,197-622-6070,2500,Strowther_442,onNQ,2,7
443,Nessie,Gaucher,ngaucherca@gov.uk,5 Almo Terrace,148-650-4014,4000,Gaucher_443,WI6a,1,10
444,Odelle,Marzellano,omarzellanocb@nationalgeographic.com,1040 Talmadge Court,282-214-5239,5500,Marzellano_444,0imW,4,9
445,Cathy,Rowlett,crowlettcc@hatena.ne.jp,95 Mcbride Hill,887-480-1484,2500,Rowlett_445,gxom,3,1
446,Tatiania,Gutteridge,tgutteridgecd@tinypic.com,82554 Merrick Alley,540-563-6301,3000,Gutteridge_446,n8vz,3,8
447,Briney,O'Crowley,bocrowleyce@yellowbook.com,83 Ilene Center,942-927-7638,2500,O'Crowley_447,C6DA,2,5
448,Town,Chartman,tchartmancf@printfriendly.com,51781 Blackbird Point,699-327-4106,4000,Chartman_448,KwEM,4,1
449,Liane,MacGillivray,lmacgillivraycg@icio.us,05 Prairie Rose Drive,831-746-9026,4500,MacGillivray_449,csVy,1,3
450,Danit,Cradock,dcradockch@goo.ne.jp,76272 7th Circle,361-455-9195,2000,Cradock_450,pBad,4,9
451,Stevena,Sidary,ssidaryci@earthlink.net,08041 Eggendart Court,395-787-1885,3500,Sidary_451,SYz9,1,2
452,Corby,Charle,ccharlecj@cdc.gov,2293 Colorado Street,172-237-8301,3000,Charle_452,8Nka,4,9
453,Jerrilee,Bertelet,jberteletck@ocn.ne.jp,1 Hagan Court,224-137-3221,2000,Bertelet_453,dblP,4,2
454,Cecilius,Willmer,cwillmercl@vinaora.com,5195 Anniversary Point,483-331-4139,3500,Willmer_454,5PPd,3,4
455,Yves,Mutter,ymuttercm@weibo.com,3432 Ruskin Way,704-950-9076,2000,Mutter_455,XLvS,4,9
456,Stacee,Fitzharris,sfitzharriscn@cargocollective.com,558 Mariners Cove Junction,195-731-3909,5000,Fitzharris_456,6Nhd,1,1
457,Don,Keates,dkeatesco@photobucket.com,66641 Crescent Oaks Place,818-504-1897,5000,Keates_457,1CdA,2,3
458,Marsh,Martinie,mmartiniecp@marketwatch.com,20980 Hauk Street,665-499-8686,2000,Martinie_458,GNwW,2,4
459,Candra,Hassey,chasseycq@github.io,2058 Leroy Parkway,413-864-9100,5500,Hassey_459,tdit,3,4
460,Gorden,Bertin,gbertincr@parallels.com,64 Acker Hill,974-520-1386,3500,Bertin_460,kpd8,4,1
461,Lelia,Plaide,lplaidecs@skype.com,05 Fairview Parkway,139-422-6269,3000,Plaide_461,ztlz,4,7
462,Radcliffe,Chantillon,rchantillonct@domainmarket.com,6312 Jenifer Crossing,658-491-5957,3500,Chantillon_462,AU63,1,3
463,Carmen,Hawton,chawtoncu@homestead.com,06309 Dovetail Drive,662-222-9994,4500,Hawton_463,mahg,4,1
464,Brooke,Demaid,bdemaidcv@mediafire.com,318 Morningstar Junction,672-368-0548,4000,Demaid_464,jIMe,4,4
465,Garrett,Di Angelo,gdiangelocw@theguardian.com,14 Hudson Plaza,143-152-8217,5000,Di Angelo_465,wvL0,2,6
466,Les,Adolthine,ladolthinecx@nature.com,22 Drewry Terrace,600-676-8687,3000,Adolthine_466,Bn80,4,3
467,Spense,Edgcombe,sedgcombecy@dmoz.org,4787 Rowland Street,771-983-4376,6000,Edgcombe_467,wLrp,2,3
468,Charyl,Vannar,cvannarcz@drupal.org,095 Anhalt Circle,384-855-0751,4000,Vannar_468,GAPr,4,7
469,Faun,Gherardelli,fgherardellid0@theglobeandmail.com,85974 Johnson Point,844-542-5890,4000,Gherardelli_469,CWrh,2,2
470,Ted,Gres,tgresd1@ox.ac.uk,979 Forest Pass,724-162-7244,6000,Gres_470,pInw,1,2
471,Krystle,Sales,ksalesd2@slashdot.org,0114 Service Alley,934-385-7469,4500,Sales_471,cL5e,3,4
472,Federica,Greenhall,fgreenhalld3@tuttocitta.it,0911 Homewood Avenue,601-417-3356,3500,Greenhall_472,qY35,3,9
473,Bradley,Klamman,bklammand4@squidoo.com,607 Merry Center,136-772-1943,4500,Klamman_473,fRy8,3,5
474,Cordie,Noury,cnouryd5@topsy.com,08 Brentwood Way,526-576-3198,5000,Noury_474,eeQw,1,2
475,Jard,Wolfendell,jwolfendelld6@skyrock.com,70 Lawn Road,279-636-0092,4000,Wolfendell_475,j7RK,4,4
476,Sharleen,Carayol,scarayold7@networkadvertising.org,4 Manitowish Junction,303-972-8441,5000,Carayol_476,qK56,3,8
477,Valentina,Janman,vjanmand8@is.gd,874 Lien Street,382-827-8703,2000,Janman_477,XQDH,1,6
478,Tandie,Gozard,tgozardd9@theatlantic.com,6471 Swallow Terrace,876-175-2189,2000,Gozard_478,nozy,3,7
479,Mechelle,Elleton,melletonda@lycos.com,618 Glendale Junction,159-491-0951,3500,Elleton_479,WWd7,2,5
480,Antonius,Coughlan,acoughlandb@qq.com,9 Ryan Pass,332-675-4943,5000,Coughlan_480,oDEm,2,10
481,Romola,Ferrario,rferrariodc@census.gov,326 Mccormick Court,387-695-5245,5000,Ferrario_481,vcCH,1,7
482,Garfield,Cain,gcaindd@mashable.com,18498 Arrowood Center,924-898-1279,3500,Cain_482,zLww,2,4
483,Abbie,Roscow,aroscowde@trellian.com,438 Dwight Hill,630-601-8814,6000,Roscow_483,ExfY,2,9
484,Theodore,Pellatt,tpellattdf@xing.com,9308 Oakridge Center,706-421-9436,4500,Pellatt_484,cRQS,4,7
485,Zebulon,Keach,zkeachdg@fda.gov,87 Sage Crossing,241-696-8490,5500,Keach_485,N7Kw,4,1
486,Leena,Bromehed,lbromeheddh@time.com,81527 Blue Bill Park Place,948-366-5509,4000,Bromehed_486,nF6X,1,9
487,Gerhard,Redon,gredondi@tripod.com,12617 Crownhardt Parkway,927-592-5016,5500,Redon_487,cHHD,1,2
488,Brod,Dalwood,bdalwooddj@mlb.com,570 Myrtle Pass,715-318-6573,2500,Dalwood_488,27tB,1,2
489,Jenica,Riping,jripingdk@dmoz.org,67328 Macpherson Street,792-432-3279,2500,Riping_489,mM5e,2,5
490,Germayne,Ratchford,gratchforddl@craigslist.org,29223 Sherman Road,224-839-6521,3000,Ratchford_490,EujE,4,3
491,Dulcy,Doody,ddoodydm@baidu.com,0284 Northport Road,940-495-4696,3000,Doody_491,71HY,3,6
492,Nadya,Whettleton,nwhettletondn@economist.com,58791 Swallow Street,373-271-4881,2500,Whettleton_492,jgXk,1,10
493,Irwin,McAviy,imcaviydo@booking.com,8 Everett Point,363-158-4747,5000,McAviy_493,nNgh,1,6
494,Giffy,Finnis,gfinnisdp@de.vu,8 Springview Hill,666-202-2158,5000,Finnis_494,uVBI,3,3
495,Terese,Bellward,tbellwarddq@noaa.gov,97 East Hill,764-740-2635,6000,Bellward_495,7JER,3,2
496,Kassia,Mottershead,kmottersheaddr@house.gov,3 Corry Drive,899-389-8244,4500,Mottershead_496,2HWc,2,5
497,Rosana,Kharchinski,rkharchinskids@aol.com,3700 Mariners Cove Trail,178-718-0672,2500,Kharchinski_497,lob2,2,1
498,Trumaine,Guiet,tguietdt@blogtalkradio.com,6 Loftsgordon Point,740-936-1723,6000,Guiet_498,YohA,1,1
499,Zilvia,Novik,znovikdu@sciencedaily.com,24 Ilene Park,280-182-3896,2000,Novik_499,kBlP,3,3
500,Faber,Gully,fgullydv@1und1.de,72 Goodland Pass,241-568-6852,3500,Gully_500,VPWW,2,4
501,Sara,Ranstead,sransteaddw@shutterfly.com,2623 Nancy Alley,683-194-9718,2500,Ranstead_501,nxm2,4,6
502,Valle,Ciobutaro,vciobutarodx@nymag.com,2 Sutherland Court,890-207-5294,4000,Ciobutaro_502,QFUK,1,10
503,Cassaundra,Dyne,cdynedy@zdnet.com,44 Schmedeman Point,328-864-9921,4000,Dyne_503,fo9s,3,3
504,Marc,Parris,mparrisdz@phpbb.com,69647 Spaight Alley,388-931-0004,6000,Parris_504,BzvB,2,7
505,Mina,Singers,msingerse0@about.me,8 Dryden Street,213-254-5080,3500,Singers_505,LLIO,2,3
506,Clayborne,Jakovijevic,cjakovijevice1@amazon.com,73218 Kennedy Terrace,532-561-5223,5000,Jakovijevic_506,ZjsS,3,3
507,Jose,Grent,jgrente2@ucoz.ru,35140 Pawling Drive,423-413-9714,4000,Grent_507,bIHf,1,10
508,Meade,Mulliss,mmullisse3@wikipedia.org,1 Sycamore Hill,752-572-1512,3000,Mulliss_508,wUjF,2,3
509,Veda,Cocher,vcochere4@mapy.cz,594 Moose Avenue,679-620-4692,2000,Cocher_509,oUHa,3,5
510,Deb,Leither,dleithere5@purevolume.com,200 Steensland Alley,718-656-9312,3000,Leither_510,ooKX,2,7
511,Kylynn,Sylvaine,ksylvainee6@dailymotion.com,17919 Maryland Court,193-324-1394,4500,Sylvaine_511,IvQX,4,10
512,Junie,Swinglehurst,jswinglehurste7@msn.com,9073 Schiller Parkway,680-708-9663,3500,Swinglehurst_512,Q4Ba,4,5
513,Stephanie,Caselli,scasellie8@devhub.com,31 Lotheville Road,826-864-6487,5000,Caselli_513,ToLS,4,3
514,Zondra,Loudian,zloudiane9@deviantart.com,36289 Farragut Junction,199-284-2069,4000,Loudian_514,vn5t,4,6
515,Deerdre,Melin,dmelinea@csmonitor.com,5445 Anzinger Lane,713-948-3835,5000,Melin_515,PFOe,2,6
516,Corabel,De Cristofalo,cdecristofaloeb@skype.com,3719 International Parkway,609-874-5416,4500,De Cristofalo_516,Gg1G,4,7
517,Elinore,Hydes,ehydesec@intel.com,66 Holmberg Place,584-637-5048,2000,Hydes_517,bUmE,2,10
518,Brigham,Wilcock,bwilcocked@usnews.com,287 Amoth Alley,478-655-5697,6000,Wilcock_518,xMQQ,1,9
519,Bianka,Padson,bpadsonee@bloomberg.com,1300 Grayhawk Alley,337-512-6648,3500,Padson_519,PiXE,1,7
520,Debor,Feldberg,dfeldbergef@businessinsider.com,77472 Coleman Terrace,429-961-3677,3000,Feldberg_520,m6o1,2,3
521,Wendall,Matusovsky,wmatusovskyeg@woothemes.com,8 Longview Place,626-630-7242,4000,Matusovsky_521,k0OG,1,6
522,Roy,Skitterel,rskittereleh@nymag.com,15 La Follette Park,358-479-4410,5500,Skitterel_522,FYGg,4,2
523,Chicky,Henricsson,chenricssonei@networksolutions.com,5 Badeau Alley,957-785-0138,5000,Henricsson_523,E90w,1,1
524,Jere,Haresnaip,jharesnaipej@zimbio.com,800 Eliot Pass,540-265-9641,4500,Haresnaip_524,X37m,1,7
525,Khalil,Marden,kmardenek@mlb.com,87998 Transport Place,123-298-5234,3000,Marden_525,iruF,1,3
526,Mendel,Matthius,mmatthiusel@mapy.cz,5585 Kedzie Avenue,740-760-9778,2500,Matthius_526,23io,1,7
527,Niki,Overstone,noverstoneem@biblegateway.com,790 Montana Parkway,242-827-4431,4000,Overstone_527,G5yB,1,1
528,Kiele,O'Hingerty,kohingertyen@google.com,962 Lindbergh Junction,161-453-4618,2000,O'Hingerty_528,pNgA,2,9
529,Webb,Doige,wdoigeeo@un.org,3 Meadow Ridge Lane,560-353-7088,3500,Doige_529,b8NB,3,6
530,Daphna,Corteis,dcorteisep@ucla.edu,65 Anzinger Street,383-129-4299,2000,Corteis_530,XHe0,1,10
531,Rob,Dalinder,rdalindereq@facebook.com,302 Scofield Point,206-648-9379,5500,Dalinder_531,uuEf,3,8
532,Frazer,Wapol,fwapoler@google.com.hk,0352 Sloan Drive,718-228-7624,6000,Wapol_532,4XPm,4,6
533,Selie,Newns,snewnses@sciencedaily.com,93534 Ryan Place,873-365-0468,2000,Newns_533,88M1,4,6
534,Junina,Catmull,jcatmullet@google.co.uk,5167 Sheridan Way,216-245-4119,5500,Catmull_534,QaGM,4,1
535,Clara,Rooson,croosoneu@ed.gov,4929 Northview Crossing,237-220-7469,3000,Rooson_535,fBKo,1,6
536,Gloriane,Bucklan,gbucklanev@seesaa.net,8 Lunder Court,295-437-1154,3000,Bucklan_536,rvD7,4,2
537,Ricki,Uccello,ruccelloew@sciencedaily.com,82197 Hoepker Trail,261-386-2368,3500,Uccello_537,A2Yi,3,9
538,Corinne,Mathey,cmatheyex@omniture.com,5 Sheridan Junction,522-621-1903,5500,Mathey_538,dy1u,4,5
539,Neall,Choupin,nchoupiney@disqus.com,63140 Basil Place,383-141-9796,6000,Choupin_539,Pc6z,2,1
540,Mercedes,Bonham,mbonhamez@twitpic.com,0458 Farwell Road,733-395-4656,2000,Bonham_540,IUcR,2,5
541,Angelia,Buscher,abuscherf0@squidoo.com,34515 Golf Course Alley,133-157-3922,5500,Buscher_541,Gl7R,3,1
542,Hans,Cullen,hcullenf1@networksolutions.com,980 Commercial Center,435-528-6384,6000,Cullen_542,bqoa,4,4
543,Jeanna,Penfold,jpenfoldf2@hatena.ne.jp,4 Sugar Drive,877-804-6091,2500,Penfold_543,8tM9,2,2
544,Reeba,Hender,rhenderf3@europa.eu,8097 Nancy Crossing,265-673-9748,2500,Hender_544,1gXy,4,9
545,Francisco,Barabisch,fbarabischf4@ucla.edu,99231 Thompson Place,524-353-1416,4000,Barabisch_545,LHRa,3,9
546,Lizbeth,Minto,lmintof5@surveymonkey.com,82074 Bluestem Court,426-231-7916,6000,Minto_546,14P6,4,1
547,Ricky,Dyott,rdyottf6@last.fm,3017 Dexter Hill,962-205-3958,2000,Dyott_547,ZLnI,1,9
548,Greer,Edelheit,gedelheitf7@free.fr,399 3rd Center,559-605-3679,3000,Edelheit_548,vpFl,2,4
549,Henrik,Maghull,hmaghullf8@feedburner.com,8495 Del Sol Lane,861-963-5742,2500,Maghull_549,c83e,1,9
550,Lissy,Malacrida,lmalacridaf9@utexas.edu,78131 Del Sol Circle,327-494-7178,6000,Malacrida_550,6V0G,1,7
551,Winni,Barroux,wbarrouxfa@youtube.com,64553 South Street,584-698-8533,5000,Barroux_551,iZsr,1,4
552,Bernelle,Allnatt,ballnattfb@accuweather.com,43 Upham Circle,467-333-7944,2500,Allnatt_552,4PRp,2,3
553,Zea,Peinton,zpeintonfc@hao123.com,37400 Continental Road,205-593-4854,4500,Peinton_553,aGpv,4,9
554,Tallou,Goodwell,tgoodwellfd@tmall.com,9353 Morningstar Hill,404-866-6592,3500,Goodwell_554,ndsV,4,1
555,Brnaby,Crackett,bcrackettfe@google.co.uk,99217 Bartelt Circle,840-824-9460,6000,Crackett_555,6JFp,1,4
556,Lacie,Bowskill,lbowskillff@gnu.org,55 Scoville Crossing,430-796-4650,3000,Bowskill_556,XbKM,4,10
557,Tait,Filipczak,tfilipczakfg@berkeley.edu,57 Vidon Place,920-615-8390,2000,Filipczak_557,GSkX,2,9
558,Eugenio,Guynemer,eguynemerfh@noaa.gov,463 Bartelt Junction,719-500-9421,2000,Guynemer_558,FPxE,2,2
559,Trudi,Tinan,ttinanfi@alexa.com,0915 Sundown Point,760-614-9749,2000,Tinan_559,zoFN,1,9
560,Tracie,Gernier,tgernierfj@naver.com,446 Elmside Pass,153-584-7275,2000,Gernier_560,nrCn,3,6
561,Kessiah,Greschik,kgreschikfk@seesaa.net,7 6th Center,218-453-2373,4500,Greschik_561,1bIF,1,6
562,Amery,Kohrt,akohrtfl@google.co.jp,4832 Tennyson Trail,762-820-2065,2000,Kohrt_562,5n1M,4,6
563,Hunter,Kerwen,hkerwenfm@flickr.com,3 Farmco Court,256-732-4627,3500,Kerwen_563,3mTP,1,7
564,Minnie,Nunnerley,mnunnerleyfn@acquirethisname.com,3 Green Ridge Court,203-876-2268,3000,Nunnerley_564,3oAE,4,3
565,Micaela,Pabelik,mpabelikfo@twitpic.com,49 Butterfield Place,697-591-6899,3000,Pabelik_565,fWBt,3,6
566,Drew,Pisco,dpiscofp@geocities.com,090 Corry Court,334-762-7656,5000,Pisco_566,2r4z,1,6
567,Naoma,Readwing,nreadwingfq@last.fm,50 Buell Road,813-202-4909,4000,Readwing_567,gpUe,2,1
568,Seana,Rubinow,srubinowfr@fda.gov,439 Starling Court,937-745-8354,4000,Rubinow_568,uDDU,2,5
569,Berni,Goldingay,bgoldingayfs@miibeian.gov.cn,51 Valley Edge Plaza,914-814-9400,6000,Goldingay_569,xOj3,4,8
570,Darby,Iacovaccio,diacovaccioft@mozilla.com,866 Lighthouse Bay Street,118-875-9771,2500,Iacovaccio_570,AQnu,1,10
571,Horten,Southerill,hsoutherillfu@sbwire.com,68 Bluestem Pass,216-245-7143,3500,Southerill_571,i9Kn,2,1
572,Zsazsa,Leupold,zleupoldfv@hugedomains.com,6761 Duke Court,404-999-5437,3000,Leupold_572,RIRE,1,4
573,Jerrine,Ahearne,jahearnefw@economist.com,169 Blaine Crossing,346-716-5067,3500,Ahearne_573,gQss,4,2
574,Tamar,Crabtree,tcrabtreefx@irs.gov,145 Derek Pass,811-515-4688,5500,Crabtree_574,Llph,4,5
575,Christan,Boyles,cboylesfy@twitter.com,137 Northfield Trail,906-881-7149,5000,Boyles_575,cmdX,3,1
576,Heriberto,Dannell,hdannellfz@prlog.org,52 Novick Circle,924-972-9796,5500,Dannell_576,DdRc,1,9
577,Verene,Egell,vegellg0@cloudflare.com,6 Vernon Way,706-219-5591,2000,Egell_577,NGUW,4,9
578,Ilyse,Fairy,ifairyg1@ucla.edu,22 Havey Avenue,219-670-0072,4000,Fairy_578,tvC5,3,3
579,Lodovico,De Gogay,ldegogayg2@mac.com,82 Gale Street,881-764-0941,6000,De Gogay_579,t0fA,4,5
580,Lynnelle,Coggill,lcoggillg3@twitpic.com,585 Fuller Terrace,900-826-3721,3500,Coggill_580,xlrS,4,4
581,Shannan,Boorn,sboorng4@economist.com,0 Summer Ridge Parkway,684-149-4016,4500,Boorn_581,cjPp,4,9
582,Gabrielle,Gini,gginig5@blogs.com,19 Texas Court,560-957-7018,4000,Gini_582,SksN,3,6
583,Efren,Balthasar,ebalthasarg6@multiply.com,14379 Jenna Lane,462-554-7306,2000,Balthasar_583,qKsj,2,8
584,Ellynn,Mallalieu,emallalieug7@latimes.com,38 Independence Avenue,454-894-6924,6000,Mallalieu_584,mMkL,1,7
585,Reinaldo,Easum,reasumg8@com.com,465 Bultman Avenue,536-163-9202,4500,Easum_585,hmGH,1,2
586,Mahmud,Mahaffey,mmahaffeyg9@github.io,5 Kipling Drive,986-760-3904,2000,Mahaffey_586,Kobp,1,2
587,Krisha,Goreisr,kgoreisrga@economist.com,5 Canary Trail,383-321-9951,6000,Goreisr_587,881O,1,4
588,Waverly,Jaram,wjaramgb@fda.gov,14 Stuart Pass,369-834-4733,3000,Jaram_588,888e,4,5
589,Lidia,Yukhnevich,lyukhnevichgc@amazon.co.uk,030 Nancy Parkway,865-855-6485,2000,Yukhnevich_589,v9Jt,3,3
590,Man,Bleeze,mbleezegd@phpbb.com,97916 Fulton Drive,127-649-0072,3500,Bleeze_590,WZJB,2,1
591,Ginger,Dunster,gdunsterge@bbb.org,406 Melvin Hill,117-206-1711,5500,Dunster_591,2DnS,2,2
592,Coop,Gabbitis,cgabbitisgf@illinois.edu,4539 Carey Pass,509-856-9183,6000,Gabbitis_592,hnpA,3,2
593,Mureil,Anthoin,manthoingg@accuweather.com,8842 Jenna Street,882-506-0176,2500,Anthoin_593,Usks,1,2
594,Kellen,Fettis,kfettisgh@meetup.com,00369 Rieder Pass,565-784-8972,5000,Fettis_594,eZgQ,4,5
595,Noland,Glowach,nglowachgi@4shared.com,0 Prairie Rose Way,470-234-5149,6000,Glowach_595,AXed,3,10
596,Emmy,Stickens,estickensgj@virginia.edu,4152 Kipling Plaza,316-304-6232,4500,Stickens_596,y1D5,4,3
597,Maximilianus,Bradlaugh,mbradlaughgk@wix.com,5520 Magdeline Pass,226-362-5521,3500,Bradlaugh_597,QZSb,3,9
598,Cortney,Pascoe,cpascoegl@baidu.com,3318 Hudson Hill,767-502-3469,2000,Pascoe_598,NKfB,3,7
599,Rutger,Ochterlony,rochterlonygm@ebay.co.uk,280 Pearson Junction,184-203-9915,5500,Ochterlony_599,gKnD,4,3
600,Mathilde,Scougal,mscougalgn@quantcast.com,5322 2nd Parkway,114-134-4217,4000,Scougal_600,PSzV,4,3
601,Tedman,MacNamee,tmacnameego@unblog.fr,4651 Mallard Avenue,639-773-9227,4500,MacNamee_601,VZ9g,3,5
602,Misty,Zanni,mzannigp@altervista.org,4 Oak Crossing,739-575-0080,4000,Zanni_602,WBcC,4,7
603,Emily,Grzelak,egrzelakgq@sitemeter.com,550 Katie Lane,993-919-4048,4000,Grzelak_603,A2N5,2,2
604,Ellary,Broadhead,ebroadheadgr@networkadvertising.org,996 Loftsgordon Alley,418-755-7390,3000,Broadhead_604,Y8vY,4,8
605,Luce,Otto,lottogs@w3.org,2600 Iowa Street,442-213-8226,2500,Otto_605,cK0O,4,9
606,Cynthie,Alexsandrowicz,calexsandrowiczgt@un.org,96 Corben Street,993-218-7154,4000,Alexsandrowicz_606,LtI4,4,10
607,Alf,Guthrum,aguthrumgu@un.org,321 Manley Junction,935-470-1319,3000,Guthrum_607,5HXx,4,3
608,Bartholomew,Giacomi,bgiacomigv@ehow.com,12258 Clove Alley,824-486-1585,6000,Giacomi_608,OOwc,3,4
609,Myrlene,Faulconbridge,mfaulconbridgegw@squarespace.com,3987 Arizona Junction,615-604-4336,4000,Faulconbridge_609,rV1X,3,5
610,Mario,Jozwicki,mjozwickigx@illinois.edu,63032 Garrison Road,247-110-3240,2500,Jozwicki_610,m6NH,1,3
611,Delora,Gunny,dgunnygy@pinterest.com,407 Buhler Terrace,484-376-5269,4500,Gunny_611,DG4i,3,4
612,Thalia,Powrie,tpowriegz@prlog.org,9637 Hoffman Point,190-701-4533,5000,Powrie_612,E4iC,1,7
613,Joni,Melsome,jmelsomeh0@xing.com,407 Marquette Crossing,793-450-4875,5000,Melsome_613,jh4W,1,1
614,Tracy,Lethabridge,tlethabridgeh1@delicious.com,367 Emmet Center,605-952-2017,3000,Lethabridge_614,h3Va,1,3
615,Augy,Milius,amiliush2@amazonaws.com,17833 Del Mar Terrace,346-605-9587,5500,Milius_615,i6qz,3,8
616,Chloette,Mullins,cmullinsh3@weibo.com,7 Colorado Court,511-670-5901,6000,Mullins_616,UeVs,4,4
617,Chicky,Paoli,cpaolih4@ow.ly,1654 Charing Cross Street,251-909-1599,3000,Paoli_617,ym2g,4,2
618,Griffin,Blampy,gblampyh5@ovh.net,4 Mallory Junction,553-607-4502,3000,Blampy_618,BIZs,4,6
619,Adella,D'Elia,adeliah6@ed.gov,3 6th Road,288-123-2092,4000,D'Elia_619,TaWM,2,4
620,Morgana,Magenny,mmagennyh7@upenn.edu,74 Fieldstone Place,765-593-2886,3000,Magenny_620,BFPV,1,10
621,Dulcinea,Willbond,dwillbondh8@naver.com,76 Ridgeview Point,920-553-4481,2000,Willbond_621,xt0Q,4,4
622,Mirna,Witch,mwitchh9@mozilla.com,8 Sage Road,124-359-4840,4500,Witch_622,sBb8,4,9
623,Pauline,Satchel,psatchelha@elegantthemes.com,01 Oak Valley Road,984-549-0936,4000,Satchel_623,yQPE,2,2
624,Bernete,Briztman,bbriztmanhb@mail.ru,0127 North Center,198-230-3646,4500,Briztman_624,lXUL,3,9
625,Ezri,Offield,eoffieldhc@unesco.org,557 Clemons Center,269-774-9931,5000,Offield_625,CUq7,4,1
626,Shirleen,Corriea,scorrieahd@google.co.jp,2818 Bashford Drive,299-837-6356,3500,Corriea_626,RNlw,1,5
627,Doralynne,Saing,dsainghe@devhub.com,75767 Ramsey Avenue,977-982-2936,6000,Saing_627,0dhN,3,5
628,Neron,Sherbourne,nsherbournehf@noaa.gov,4 Mifflin Place,404-311-9971,3500,Sherbourne_628,DsYw,3,4
629,Guntar,Bliven,gblivenhg@hugedomains.com,179 Columbus Plaza,986-102-4206,2500,Bliven_629,8UQx,1,10
630,Darill,Blevin,dblevinhh@comsenz.com,34 Maywood Pass,240-165-5052,5500,Blevin_630,l4od,4,7
631,Chrystal,Rouse,crousehi@narod.ru,3 Havey Plaza,755-169-3790,4000,Rouse_631,pgJ2,1,3
632,Barbi,Porson,bporsonhj@foxnews.com,93266 Lillian Junction,805-318-1919,5000,Porson_632,yXFx,2,2
633,Herrick,Shillum,hshillumhk@amazon.co.uk,5221 Dwight Alley,496-631-4537,2000,Shillum_633,3ZyD,1,10
634,Kyle,Stiegers,kstiegershl@instagram.com,8 Express Place,869-584-1810,2000,Stiegers_634,7aTk,2,1
635,Tracey,Sartain,tsartainhm@bigcartel.com,1 Hagan Pass,391-847-9751,2000,Sartain_635,zL2Y,3,6
636,Gardie,Reyne,greynehn@fc2.com,4021 Novick Point,723-260-8237,4000,Reyne_636,hxHy,3,10
637,Grace,Daoust,gdaoustho@sciencedirect.com,26051 Riverside Avenue,796-840-9811,2500,Daoust_637,pPGs,1,7
638,Annalee,Olphert,aolpherthp@soup.io,99 Spohn Circle,451-479-5727,2500,Olphert_638,fSUA,3,5
639,Cary,Ridgway,cridgwayhq@jalbum.net,806 Amoth Drive,901-593-3375,5500,Ridgway_639,gnwl,4,4
640,Adelheid,Miebes,amiebeshr@usnews.com,8 Susan Crossing,489-807-2397,6000,Miebes_640,hCxT,3,3
641,Georgetta,McCurry,gmccurryhs@list-manage.com,33571 Sloan Plaza,157-806-9470,5000,McCurry_641,oIyQ,2,1
642,Dwain,Everix,deverixht@gnu.org,6241 Straubel Alley,276-872-9862,5500,Everix_642,XlwD,1,5
643,Mendel,Creeboe,mcreeboehu@slate.com,16 Leroy Park,401-879-0710,3500,Creeboe_643,dnEN,1,1
644,Zena,Hastelow,zhastelowhv@mlb.com,565 Elgar Parkway,577-365-7493,4500,Hastelow_644,qVkR,1,1
645,Myrtie,Wolfenden,mwolfendenhw@de.vu,4 Maple Wood Plaza,490-579-9511,4000,Wolfenden_645,F1NA,3,7
646,Kienan,Beall,kbeallhx@csmonitor.com,28 Bartillon Hill,938-198-7464,6000,Beall_646,5iU0,4,8
647,Carina,Sciusscietto,csciussciettohy@dion.ne.jp,55841 Mcguire Point,485-166-7995,4500,Sciusscietto_647,UNGA,3,8
648,Helene,Naire,hnairehz@barnesandnoble.com,7 Ilene Park,964-458-0234,4000,Naire_648,sS5v,4,8
649,Shanda,Dutton,sduttoni0@phoca.cz,957 Towne Way,777-718-2447,5000,Dutton_649,VFaq,4,8
650,Alika,Nashe,anashei1@tamu.edu,7303 Dunning Drive,537-728-4187,4000,Nashe_650,A5vy,3,1
651,Maison,Matthessen,mmatthesseni2@goo.gl,31758 Banding Avenue,640-179-9894,5000,Matthessen_651,Hdki,2,5
652,Chris,Storek,cstoreki3@marriott.com,3545 Emmet Drive,716-881-2402,2000,Storek_652,uXGN,2,10
653,Raymond,Deeny,rdeenyi4@mail.ru,9646 Magdeline Circle,480-451-6173,4000,Deeny_653,sUsV,1,1
654,Ruby,Andrivot,randrivoti5@sitemeter.com,37 Green Ridge Trail,281-793-7691,4500,Andrivot_654,oADi,1,6
655,Davidson,Mundow,dmundowi6@cnbc.com,7215 Jackson Trail,679-607-6278,5000,Mundow_655,RZC1,4,1
656,Sterne,Bolitho,sbolithoi7@themeforest.net,114 Gina Way,190-899-1125,3000,Bolitho_656,n4XN,1,2
657,Lynn,Harlin,lharlini8@zimbio.com,21 Killdeer Hill,656-770-4160,3000,Harlin_657,1x5c,3,1
658,Hanson,Saing,hsaingi9@amazon.de,9 Reindahl Alley,851-453-7316,4000,Saing_658,BALU,4,9
659,Horace,Cocksedge,hcocksedgeia@angelfire.com,95540 Dahle Trail,414-607-2623,5000,Cocksedge_659,5Xfa,3,8
660,Jesse,Folland,jfollandib@sitemeter.com,6504 Sullivan Trail,706-354-9685,4500,Folland_660,PGB4,1,3
661,Boonie,Lowless,blowlessic@yelp.com,35084 Rusk Terrace,129-387-9561,3000,Lowless_661,qG3d,2,10
662,Therine,Pudge,tpudgeid@oakley.com,5 Hanson Lane,731-281-6931,3500,Pudge_662,5oZU,4,10
663,Abby,Elcott,aelcottie@timesonline.co.uk,72 Fuller Plaza,266-717-4534,4500,Elcott_663,Gr9f,2,1
664,Caty,Dove,cdoveif@wikispaces.com,18 Main Trail,806-870-7750,3000,Dove_664,ykHn,4,5
665,Wang,Petrillo,wpetrilloig@nifty.com,2 Duke Parkway,263-600-7651,5000,Petrillo_665,lmzl,2,9
666,Chloe,Brettelle,cbrettelleih@wix.com,7028 8th Pass,542-178-7839,6000,Brettelle_666,UqUL,3,2
667,Rosabella,Georger,rgeorgerii@sciencedaily.com,9325 Sugar Court,894-378-5743,4000,Georger_667,JJnj,3,3
668,Mandy,Cready,mcreadyij@illinois.edu,27 Bowman Trail,603-574-4519,2500,Cready_668,5HRT,1,7
669,Noreen,Frances,nfrancesik@sbwire.com,81 Pearson Drive,517-829-2256,4000,Frances_669,otXd,3,3
670,Ibby,Maylam,imaylamil@slate.com,0289 Northwestern Place,386-306-3482,6000,Maylam_670,1Y9i,3,6
671,Rosalynd,Ogdahl,rogdahlim@quantcast.com,02 Haas Junction,832-659-7252,6000,Ogdahl_671,vqzW,4,3
672,Valera,Mateus,vmateusin@paypal.com,7 Hanover Road,994-207-6075,5000,Mateus_672,x7dJ,4,3
673,Roosevelt,Simonsen,rsimonsenio@army.mil,9 Fordem Center,551-485-3473,2000,Simonsen_673,Jxo4,4,5
674,Kathy,Mullis,kmullisip@scribd.com,35 Forster Parkway,114-248-3907,5500,Mullis_674,8ran,3,10
675,Ingram,Cave,icaveiq@google.fr,2 Moose Place,885-272-3036,4000,Cave_675,ZX8N,4,10
676,Jeniece,Kienle,jkienleir@seattletimes.com,559 Gale Avenue,108-219-9093,3000,Kienle_676,LBSn,4,6
677,Helene,Duckitt,hduckittis@constantcontact.com,38 Brentwood Court,488-818-3461,5500,Duckitt_677,7KlA,2,2
678,Federica,Beadell,fbeadellit@lycos.com,6540 Tony Point,237-117-4214,3500,Beadell_678,6ThN,2,9
679,Will,Wolstenholme,wwolstenholmeiu@illinois.edu,1119 Hintze Lane,976-150-8563,2500,Wolstenholme_679,1HAl,2,10
680,Cathy,Newlin,cnewliniv@omniture.com,22 Clyde Gallagher Place,883-318-2669,4500,Newlin_680,gTsQ,4,6
681,Abagail,Lansly,alanslyiw@hubpages.com,0 Fair Oaks Lane,531-670-1537,5000,Lansly_681,IF9C,1,1
682,Ulberto,Skoate,uskoateix@weebly.com,096 Stuart Road,790-653-8314,5500,Skoate_682,U1uf,3,4
683,Joshia,Harkin,jharkiniy@tiny.cc,51183 Sugar Place,632-680-5409,3500,Harkin_683,tbND,1,3
684,Matti,Blest,mblestiz@admin.ch,536 Darwin Avenue,700-568-6868,4000,Blest_684,sI6f,2,6
685,Oriana,Barsby,obarsbyj0@digg.com,9 Charing Cross Road,769-242-5068,4000,Barsby_685,lY0d,3,5
686,Neal,Sawfoot,nsawfootj1@uol.com.br,7310 Lake View Hill,859-143-0745,5000,Sawfoot_686,Cb2p,2,6
687,Olimpia,Spendlove,ospendlovej2@deviantart.com,7270 Merrick Parkway,360-731-4867,3000,Spendlove_687,8ZL9,3,1
688,Karna,Greenhill,kgreenhillj3@kickstarter.com,12 Crowley Court,701-312-3831,3500,Greenhill_688,7l85,2,5
689,Zelig,Bubbings,zbubbingsj4@examiner.com,58 Lakewood Gardens Park,939-885-8454,5500,Bubbings_689,2j88,1,9
690,Gordie,Demke,gdemkej5@cocolog-nifty.com,84935 Transport Road,121-199-3768,2500,Demke_690,5LFt,1,3
691,Kelbee,Woodwind,kwoodwindj6@liveinternet.ru,511 Porter Junction,585-939-7984,2500,Woodwind_691,TQEQ,3,6
692,Geri,Dimic,gdimicj7@ed.gov,98499 Sundown Drive,359-505-4135,5500,Dimic_692,47MK,4,5
693,Vallie,Balderson,vbaldersonj8@paypal.com,0681 Caliangt Drive,721-120-7837,6000,Balderson_693,gC2h,3,8
694,Tod,Espley,tespleyj9@behance.net,079 Ridgeway Avenue,999-210-8144,2500,Espley_694,lHk4,4,8
695,Nickolaus,Willock,nwillockja@issuu.com,8 Lyons Point,431-171-2208,5500,Willock_695,5p6y,2,3
696,Cristiano,Stanborough,cstanboroughjb@foxnews.com,36 Linden Circle,777-645-0999,3500,Stanborough_696,txCC,1,2
697,Lanie,Snyder,lsnyderjc@nytimes.com,27886 Hauk Avenue,411-180-1712,5500,Snyder_697,iWF0,4,6
698,Merilyn,Buckner,mbucknerjd@about.me,0 Everett Park,548-571-2695,6000,Buckner_698,nDAU,4,7
699,Grace,Dunbobin,gdunbobinje@statcounter.com,6860 Macpherson Hill,469-405-9543,5500,Dunbobin_699,eFFV,3,3
700,Demetris,O'Mannion,domannionjf@cargocollective.com,844 Tennyson Circle,995-620-1299,6000,O'Mannion_700,bpX7,2,4
701,Reade,Mountjoy,rmountjoyjg@usa.gov,72 Merchant Terrace,440-405-6621,2000,Mountjoy_701,40ZV,4,1
702,Karoline,Crowcher,kcrowcherjh@techcrunch.com,609 Delaware Terrace,493-444-7280,3000,Crowcher_702,GNKR,1,1
703,Weider,Jarmain,wjarmainji@clickbank.net,49 Emmet Trail,139-846-7278,4500,Jarmain_703,vX0r,3,9
704,Harriette,Crankhorn,hcrankhornjj@theguardian.com,52 Dahle Lane,483-412-6335,4000,Crankhorn_704,7mkF,3,5
705,Rogers,Hillin,rhillinjk@smh.com.au,12696 Hoard Plaza,534-648-8289,5000,Hillin_705,OWsR,4,6
706,Nealson,Glowacz,nglowaczjl@macromedia.com,0313 Mosinee Trail,596-887-8922,2500,Glowacz_706,8iQj,1,2
707,Nadia,Woolaghan,nwoolaghanjm@vkontakte.ru,2426 Parkside Avenue,482-369-2592,5000,Woolaghan_707,7uF1,4,10
708,Laraine,Ertel,lerteljn@slideshare.net,59 Susan Court,999-763-5255,5000,Ertel_708,3Dcd,1,9
709,Catharina,Mack,cmackjo@google.com.br,5 Shasta Junction,362-308-2189,2500,Mack_709,IhVg,2,7
710,Miner,Boyen,mboyenjp@aol.com,4838 Claremont Trail,603-891-9603,3000,Boyen_710,UNw5,3,8
711,Lonnie,Drogan,ldroganjq@apple.com,297 Graceland Court,663-442-7247,2500,Drogan_711,gKbZ,4,4
712,Kirk,Stairmand,kstairmandjr@printfriendly.com,6 Waubesa Street,386-155-5072,4500,Stairmand_712,0KYW,3,1
713,Langsdon,Huntington,lhuntingtonjs@weibo.com,1 Sycamore Way,520-206-6001,2000,Huntington_713,BK9X,4,5
714,Buiron,Shinn,bshinnjt@walmart.com,6 1st Crossing,796-898-4577,2000,Shinn_714,E5iT,1,5
715,Fan,Putt,fputtju@nydailynews.com,793 Cambridge Plaza,190-555-3623,4500,Putt_715,ctes,1,4
716,Pennie,Mulheron,pmulheronjv@php.net,58 Havey Junction,796-706-8792,3500,Mulheron_716,f40h,3,8
717,Ev,King,ekingjw@chron.com,7 Lindbergh Avenue,101-858-1500,4000,King_717,iwgr,1,2
718,Vallie,Dupoy,vdupoyjx@ebay.com,64667 Shoshone Terrace,333-199-7865,6000,Dupoy_718,VmgM,2,9
719,Stephan,Fisbburne,sfisbburnejy@4shared.com,9732 Esker Way,817-406-7353,6000,Fisbburne_719,mQFg,3,1
720,Felita,Genty,fgentyjz@weather.com,13 Bunting Crossing,706-750-1152,2500,Genty_720,atSJ,4,1
721,Reider,Geeson,rgeesonk0@people.com.cn,44155 Center Crossing,733-693-7559,2000,Geeson_721,Vr4D,3,3
722,Essy,Coolican,ecoolicank1@prweb.com,74 Drewry Park,415-741-4796,5500,Coolican_722,anOj,4,10
723,Fonsie,Earie,feariek2@yale.edu,7071 Logan Avenue,519-411-6076,3000,Earie_723,C9XI,2,3
724,Amanda,Langdridge,alangdridgek3@dedecms.com,2454 Petterle Circle,552-419-5573,3500,Langdridge_724,svDk,2,4
725,Niven,Booler,nboolerk4@gmpg.org,928 Pond Parkway,897-611-5110,2000,Booler_725,msqZ,3,5
726,Tomasina,Dugmore,tdugmorek5@about.me,55 Sunbrook Place,907-193-5054,6000,Dugmore_726,Ua8n,3,8
727,Margalit,Bickford,mbickfordk6@usatoday.com,3207 Southridge Lane,228-249-2055,3500,Bickford_727,g1YK,2,8
728,Celinka,Bordiss,cbordissk7@123-reg.co.uk,611 John Wall Pass,926-780-7749,3500,Bordiss_728,7NWg,1,3
729,Corenda,Wilden,cwildenk8@photobucket.com,796 Esch Street,792-504-6135,4000,Wilden_729,88YX,4,8
730,Celle,Briars,cbriarsk9@163.com,645 Eastlawn Way,399-992-4492,2500,Briars_730,qNEz,1,1
731,Elisabeth,Reder,erederka@studiopress.com,92 Esker Drive,297-199-1656,2500,Reder_731,n5Mi,2,6
732,Dominick,Keningham,dkeninghamkb@storify.com,8189 Westerfield Junction,898-380-7469,6000,Keningham_732,gIeo,2,2
733,Toiboid,Basnall,tbasnallkc@nature.com,66 Dennis Parkway,246-257-8631,2500,Basnall_733,pwLZ,1,1
734,Carilyn,Killingsworth,ckillingsworthkd@bloglines.com,86 Main Avenue,700-492-1988,4000,Killingsworth_734,EcYD,2,10
735,Kelley,Attawell,kattawellke@homestead.com,02 Karstens Place,373-176-0423,4500,Attawell_735,Ho5w,4,10
736,Jacquenette,Redrup,jredrupkf@plala.or.jp,6 Westport Way,520-349-0984,5500,Redrup_736,zqjX,4,7
737,Hoebart,Igonet,higonetkg@oakley.com,059 Novick Trail,720-133-9902,3500,Igonet_737,RLd3,3,2
738,Papagena,Sipson,psipsonkh@weather.com,7079 Bluestem Road,510-551-1675,2000,Sipson_738,aMYF,1,2
739,Rudyard,Lillegard,rlillegardki@admin.ch,4 Crownhardt Park,879-975-0765,2500,Lillegard_739,VXAv,3,3
740,Malinde,Nicholas,mnicholaskj@phpbb.com,7 Anzinger Drive,428-514-4705,4500,Nicholas_740,ldIe,4,1
741,Cissy,Tevlin,ctevlinkk@woothemes.com,670 Warrior Alley,419-118-2519,2000,Tevlin_741,7eMo,1,10
742,Michele,Trye,mtryekl@freewebs.com,6 Golf Course Lane,594-920-1579,3000,Trye_742,y0gk,2,1
743,Gearalt,holmes,gholmeskm@sourceforge.net,5324 Elka Lane,532-929-3635,5000,holmes_743,0mnz,1,10
744,Corilla,Nowakowska,cnowakowskakn@virginia.edu,4706 Mosinee Junction,266-155-2691,3500,Nowakowska_744,5TEd,1,3
745,Darice,Gerrey,dgerreyko@lycos.com,99474 Macpherson Plaza,269-489-5921,4000,Gerrey_745,mYXP,4,1
746,Selina,Traves,straveskp@godaddy.com,4 Lien Plaza,702-882-7798,5500,Traves_746,RhSq,2,9
747,Gerhard,Jochens,gjochenskq@biblegateway.com,1589 Anderson Road,701-252-5631,5500,Jochens_747,G0zT,2,4
748,Lawrence,Godain,lgodainkr@va.gov,9802 Florence Terrace,515-270-5471,4000,Godain_748,PzII,1,5
749,Mabel,Oran,moranks@hubpages.com,58463 Canary Plaza,132-370-3291,5500,Oran_749,kdLc,4,9
750,Vally,Laban,vlabankt@example.com,98209 International Way,609-501-2100,6000,Laban_750,beQa,3,8
751,Dicky,Beckerleg,dbeckerlegku@hc360.com,4 Norway Maple Plaza,500-733-5324,4500,Beckerleg_751,Ttat,1,9
752,Ryley,Stallen,rstallenkv@hatena.ne.jp,4 Barnett Drive,330-338-8095,4000,Stallen_752,EpCt,2,4
753,Minetta,Jodlkowski,mjodlkowskikw@berkeley.edu,16762 Johnson Point,428-465-6364,3000,Jodlkowski_753,YtSx,4,8
754,Keeley,Warrington,kwarringtonkx@senate.gov,6 Butterfield Plaza,211-870-5087,5500,Warrington_754,jA4e,2,3
755,Ki,de Amaya,kdeamayaky@4shared.com,79 Swallow Pass,329-827-5277,5000,de Amaya_755,nZUJ,3,5
756,Lilah,Duffrie,lduffriekz@chron.com,13 Blue Bill Park Crossing,333-870-9037,5500,Duffrie_756,HFoB,4,1
757,Michale,Soitoux,msoitouxl0@ask.com,5 Towne Way,789-929-9078,5000,Soitoux_757,Eh0p,4,6
758,Robb,Harle,rharlel1@opera.com,0 Forest Dale Court,274-956-4354,3500,Harle_758,SdaB,4,10
759,Babara,Calliss,bcallissl2@usa.gov,4262 Caliangt Way,826-881-0658,4000,Calliss_759,9PFg,2,3
760,Janot,Le - Count,jlecountl3@adobe.com,2 Dwight Trail,160-204-7682,3000,Le - Count_760,tgC0,3,6
761,Loria,Sinncock,lsinncockl4@facebook.com,90 Memorial Circle,311-162-0258,2000,Sinncock_761,S1NR,3,9
762,Shelia,Brooksby,sbrooksbyl5@kickstarter.com,14068 Huxley Park,879-450-3374,5000,Brooksby_762,RW5h,4,1
763,Rafa,Sayre,rsayrel6@cisco.com,755 Grim Avenue,614-488-4073,5500,Sayre_763,9UzZ,3,7
764,Deeanne,Drohane,ddrohanel7@harvard.edu,9 Village Way,183-749-8179,6000,Drohane_764,JCDc,3,1
765,Violante,Frend,vfrendl8@weebly.com,491 Moulton Drive,697-179-7468,2000,Frend_765,KnRw,4,9
766,Collin,Corcoran,ccorcoranl9@cbsnews.com,8172 Esch Drive,903-636-1380,4000,Corcoran_766,88ba,1,1
767,Winni,Cornock,wcornockla@yellowbook.com,5483 North Center,212-905-7201,5000,Cornock_767,joW2,4,9
768,Shurlock,Davidman,sdavidmanlb@cnbc.com,9925 Sunbrook Plaza,784-987-2271,3500,Davidman_768,L5WX,2,8
769,Jack,Marishenko,jmarishenkolc@dyndns.org,1232 Moose Crossing,788-100-2817,4500,Marishenko_769,WaH0,3,10
770,Shell,Kellart,skellartld@sina.com.cn,5446 Messerschmidt Circle,218-446-8453,5500,Kellart_770,gFZX,4,3
771,Tamara,Ruddick,truddickle@a8.net,779 Summerview Way,328-688-8065,5000,Ruddick_771,jj0H,3,8
772,Ortensia,Ferries,oferrieslf@simplemachines.org,53064 Eastwood Lane,139-832-9920,3500,Ferries_772,70m3,4,4
773,Pavlov,Cookney,pcookneylg@google.ru,8050 North Plaza,618-773-9614,3000,Cookney_773,N90m,1,6
774,Siobhan,Norton,snortonlh@chronoengine.com,0 Weeping Birch Point,465-306-6283,3000,Norton_774,utL9,4,3
775,Else,Howselee,ehowseleeli@flickr.com,42 Lillian Trail,771-855-8657,5500,Howselee_775,pYK0,2,1
776,Aridatha,Henrys,ahenryslj@digg.com,6128 Stoughton Court,623-689-8618,2500,Henrys_776,lE1e,2,2
777,Jozef,MacConchie,jmacconchielk@umn.edu,3 Porter Plaza,274-128-0166,2500,MacConchie_777,A1HJ,2,3
778,Leena,Marham,lmarhamll@vistaprint.com,6724 Cherokee Avenue,724-959-3617,5000,Marham_778,7owv,3,8
779,Silvano,Cartwight,scartwightlm@ucoz.com,5155 Kenwood Pass,393-839-2472,4500,Cartwight_779,eG6S,3,7
780,Georas,Hollingshead,ghollingsheadln@ucoz.ru,0373 La Follette Place,474-256-1992,5000,Hollingshead_780,PioB,4,9
781,Karrie,Hubbis,khubbislo@timesonline.co.uk,841 Fair Oaks Center,786-288-4630,6000,Hubbis_781,9hTw,2,4
782,Jonie,Copnar,jcopnarlp@etsy.com,0 High Crossing Place,455-295-4157,3000,Copnar_782,N11k,4,8
783,Arleyne,Ingray,aingraylq@telegraph.co.uk,10 Amoth Pass,643-526-7532,3000,Ingray_783,adMt,2,7
784,Eudora,Sichardt,esichardtlr@amazon.co.jp,3 Dovetail Crossing,238-229-8098,2000,Sichardt_784,Z7Pz,2,5
785,Tally,Bugdell,tbugdellls@goo.ne.jp,9 Blaine Pass,598-140-6937,3500,Bugdell_785,01XS,3,5
786,Cointon,Pepys,cpepyslt@geocities.com,173 Vera Center,800-128-0631,5500,Pepys_786,myQG,3,4
787,Nicolina,Taile,ntailelu@51.la,97 Schurz Way,744-835-7428,3500,Taile_787,YMWm,4,6
788,Jeanette,Pardon,jpardonlv@scribd.com,059 American Road,987-848-3082,2000,Pardon_788,kYkt,4,2
789,Bryna,Thomassin,bthomassinlw@51.la,540 Shelley Hill,610-736-0488,2000,Thomassin_789,jIff,2,6
790,Ruby,Russilll,rrussillllx@ow.ly,82057 Tennyson Junction,553-401-6599,3000,Russilll_790,wceL,2,6
791,Eada,Hartup,ehartuply@tumblr.com,29 Michigan Street,665-813-7489,3000,Hartup_791,5vML,2,5
792,Hall,Dury,hdurylz@si.edu,924 Springview Road,475-483-4196,3500,Dury_792,b2xG,2,4
793,Nichols,Mattersey,nmatterseym0@blogspot.com,99134 Donald Court,771-829-9830,3500,Mattersey_793,tcpm,2,10
794,Alvira,Loakes,aloakesm1@aboutads.info,4 Northland Drive,146-109-9138,3000,Loakes_794,qJ8r,2,5
795,Enos,Brobak,ebrobakm2@wordpress.com,9951 Larry Crossing,994-299-3272,5500,Brobak_795,j8yo,4,10
796,Bobby,Tregent,btregentm3@linkedin.com,461 Sundown Hill,161-143-7905,3000,Tregent_796,PFLe,1,5
797,Janeva,Iori,jiorim4@guardian.co.uk,15 Dunning Parkway,609-688-3111,5000,Iori_797,3sAm,3,9
798,Adaline,Litt,alittm5@google.it,32 Monument Junction,387-746-3404,2000,Litt_798,KrYk,2,10
799,Corette,Shallcross,cshallcrossm6@jalbum.net,56 Drewry Drive,472-437-6674,2000,Shallcross_799,GkqF,4,9
800,Trina,Batalle,tbatallem7@paypal.com,1122 Jenifer Center,251-520-6687,3000,Batalle_800,SGu7,1,5
801,Basilio,Theis,btheism8@reference.com,20749 Havey Point,145-390-8406,6000,Theis_801,GJ6c,1,4
802,Hyacinth,Dunckley,hdunckleym9@census.gov,6 Pleasure Lane,856-852-2893,5000,Dunckley_802,jNV3,4,2
803,Jaclyn,Foyston,jfoystonma@businessinsider.com,6644 Transport Alley,382-169-6288,2000,Foyston_803,FX9Y,3,4
804,Rayna,Cobb,rcobbmb@answers.com,0753 Shopko Hill,992-266-4012,5000,Cobb_804,FaV9,4,1
805,Des,Scallan,dscallanmc@howstuffworks.com,6336 Hanover Point,311-387-8213,4000,Scallan_805,CWkJ,3,9
806,Brittany,Chater,bchatermd@whitehouse.gov,26861 Hansons Drive,910-369-9945,3500,Chater_806,ww88,2,9
807,Monika,Lukasen,mlukasenme@dedecms.com,3 Canary Center,609-191-9444,2500,Lukasen_807,V0Jb,2,2
808,Ruggiero,Tregenza,rtregenzamf@desdev.cn,84 Welch Crossing,846-835-8906,4500,Tregenza_808,5Mkb,1,9
809,Issiah,Barclay,ibarclaymg@wordpress.com,31 Annamark Plaza,629-576-7799,2000,Barclay_809,68PR,4,9
810,Rozele,Arthur,rarthurmh@nifty.com,599 Calypso Parkway,603-429-3306,5000,Arthur_810,MwS5,1,5
811,Arnold,Holdron,aholdronmi@simplemachines.org,9405 Farmco Park,958-262-6609,2000,Holdron_811,N3Xr,3,9
812,Aidan,Twitty,atwittymj@dmoz.org,66 Northridge Hill,152-343-9600,2000,Twitty_812,w6gH,4,7
813,Hertha,Alcoran,halcoranmk@jimdo.com,41936 Kropf Park,434-676-3710,2000,Alcoran_813,JE2k,3,6
814,Marina,Bromage,mbromageml@i2i.jp,5419 Anniversary Hill,952-373-6097,4000,Bromage_814,50bB,1,5
815,Shurwood,Dearlove,sdearlovemm@constantcontact.com,2 Meadow Valley Terrace,278-795-0309,4000,Dearlove_815,4V3H,4,10
816,Piper,Haquin,phaquinmn@privacy.gov.au,266 Calypso Center,126-888-6178,4000,Haquin_816,cJUc,4,1
817,Ilario,Augustine,iaugustinemo@shinystat.com,41222 Fairfield Crossing,998-884-8303,3000,Augustine_817,LckR,4,1
818,Nikolaos,Wingfield,nwingfieldmp@is.gd,4030 Pond Place,843-728-9813,6000,Wingfield_818,tfyr,1,6
819,Diane,Aplin,daplinmq@oracle.com,6031 Towne Junction,571-313-3302,5500,Aplin_819,wWEK,4,7
820,Wilton,Buttler,wbuttlermr@plala.or.jp,675 Merchant Plaza,622-178-1973,5500,Buttler_820,s3kg,2,5
821,Edan,Beachamp,ebeachampms@xing.com,534 East Plaza,795-567-4161,3000,Beachamp_821,b5P9,3,10
822,Cassi,De Atta,cdeattamt@behance.net,10 Westridge Park,846-655-6699,5500,De Atta_822,lU8c,3,4
823,Rubi,Smidmoor,rsmidmoormu@virginia.edu,0081 Hoard Terrace,868-591-2921,2500,Smidmoor_823,WB7d,3,1
824,Lauretta,Blaschke,lblaschkemv@wiley.com,31869 Cascade Way,301-220-1891,2000,Blaschke_824,iUf4,2,3
825,Brendin,Chastang,bchastangmw@netscape.com,21054 Forest Run Court,496-989-8186,2000,Chastang_825,jcVn,4,4
826,Wylma,Spellacy,wspellacymx@ed.gov,62 Forest Run Street,154-846-4555,5000,Spellacy_826,tzn2,1,10
827,Chantalle,O'Gaven,cogavenmy@google.ru,0 Sullivan Place,191-861-0876,4500,O'Gaven_827,FWU6,1,10
828,Niall,Clacson,nclacsonmz@livejournal.com,7337 Stone Corner Street,116-583-2893,4000,Clacson_828,vKv3,2,6
829,Christopher,Oosthout de Vree,coosthoutdevreen0@tamu.edu,23 Meadow Vale Crossing,201-325-8617,2000,Oosthout de Vree_829,ttEg,2,9
830,Stevy,Chetter,schettern1@google.es,70 Maple Wood Pass,486-616-6691,2000,Chetter_830,ge7t,3,8
831,Orin,Foucard,ofoucardn2@bbc.co.uk,609 Sauthoff Parkway,540-857-8988,2500,Foucard_831,U1Cx,4,5
832,Denni,Vickery,dvickeryn3@list-manage.com,9 Mosinee Terrace,614-910-3406,2000,Vickery_832,b9HE,3,3
833,Thaine,Jugging,tjuggingn4@kickstarter.com,54336 Thierer Pass,315-601-8711,3500,Jugging_833,h9Nv,3,1
834,Niko,Eadmeades,neadmeadesn5@mail.ru,751 Bunting Lane,954-570-9353,6000,Eadmeades_834,4Cyz,4,8
835,Lurleen,Prosh,lproshn6@amazon.com,726 Pennsylvania Road,933-872-3675,6000,Prosh_835,LH8h,4,7
836,Marcelle,Marnane,mmarnanen7@apple.com,7832 Hayes Court,869-946-0885,2500,Marnane_836,ZwzX,1,1
837,Renie,Chalker,rchalkern8@ox.ac.uk,236 Mallory Road,403-128-2223,3000,Chalker_837,5gvq,4,4
838,Latrina,Kehri,lkehrin9@wikipedia.org,5413 Elgar Court,280-415-2511,2000,Kehri_838,TR6Z,2,2
839,Rad,Foxhall,rfoxhallna@unicef.org,8 Clyde Gallagher Alley,932-100-6085,4500,Foxhall_839,P7QN,2,9
840,Wyatt,Barbey,wbarbeynb@t-online.de,910 Banding Lane,738-133-6831,4500,Barbey_840,6Mgl,1,4
841,Mufinella,Callear,mcallearnc@shutterfly.com,4616 Karstens Hill,288-533-5045,6000,Callear_841,Z1tA,4,9
842,Burke,Renfree,brenfreend@chronoengine.com,0882 Columbus Parkway,821-548-9004,2500,Renfree_842,c1b2,3,8
843,Paddie,Freen,pfreenne@shutterfly.com,70 Summer Ridge Alley,824-413-7343,2500,Freen_843,bgjl,4,7
844,Aimil,Eloi,aeloinf@adobe.com,73 Waubesa Center,612-419-7365,4500,Eloi_844,qlIq,1,8
845,Levi,Middleweek,lmiddleweekng@github.io,20219 Hazelcrest Crossing,676-176-5003,6000,Middleweek_845,fK3X,3,5
846,Wain,Aberkirdo,waberkirdonh@deliciousdays.com,419 Thierer Alley,345-103-4161,3500,Aberkirdo_846,Qudk,4,10
847,Ulrica,Penrith,upenrithni@comsenz.com,44 Quincy Drive,482-350-2444,6000,Penrith_847,xpjl,3,9
848,Giavani,Hollingsbee,ghollingsbeenj@godaddy.com,92 Amoth Crossing,927-959-5943,4500,Hollingsbee_848,4BU1,3,5
849,Verna,Ronchetti,vronchettink@tripadvisor.com,21571 Nancy Avenue,516-515-2989,4500,Ronchetti_849,kAiK,1,10
850,Anastasia,Dermot,adermotnl@ed.gov,290 Ridge Oak Hill,252-470-7327,5500,Dermot_850,7AHX,3,10
851,Serene,Pedreschi,spedreschinm@hexun.com,1147 Eliot Street,575-387-0298,6000,Pedreschi_851,dLaS,1,6
852,Bibby,Sikorski,bsikorskinn@xing.com,94 Hoffman Lane,204-601-8759,2500,Sikorski_852,Z8kt,1,8
853,Inness,Waples,iwaplesno@chicagotribune.com,31 Dahle Trail,354-643-2845,3500,Waples_853,DVFV,4,4
854,Emory,Hunnaball,ehunnaballnp@tmall.com,88879 Algoma Center,246-119-2049,2500,Hunnaball_854,dABb,3,3
855,Ruddie,Ackwood,rackwoodnq@fda.gov,4747 Pine View Way,814-849-0322,4500,Ackwood_855,XdCm,1,3
856,Derrek,Haith,dhaithnr@senate.gov,3 Nova Point,848-929-7676,4000,Haith_856,6zfQ,2,7
857,Webster,Bruyett,wbruyettns@free.fr,13 Marquette Hill,192-107-2403,3500,Bruyett_857,pYnt,2,2
858,Johny,Camis,jcamisnt@people.com.cn,5130 Morning Way,962-226-0261,5000,Camis_858,DMDR,1,9
859,Fitz,Thickins,fthickinsnu@mlb.com,567 Prentice Drive,692-832-2008,2500,Thickins_859,eDCj,1,3
860,Wilona,Chaffen,wchaffennv@zimbio.com,9 Fieldstone Alley,934-316-8833,3500,Chaffen_860,PBj2,2,5
861,Rakel,Clowsley,rclowsleynw@desdev.cn,0 La Follette Terrace,766-333-8333,4000,Clowsley_861,btsN,3,7
862,Deloris,Eykelbosch,deykelboschnx@theguardian.com,76 Shoshone Road,553-393-1173,5000,Eykelbosch_862,aH0i,2,6
863,Yehudit,De Ruggiero,yderuggierony@wikia.com,993 Arkansas Parkway,644-536-8757,4000,De Ruggiero_863,WcBn,1,1
864,Sib,Buchett,sbuchettnz@ehow.com,1 Anniversary Hill,623-872-9567,6000,Buchett_864,oQsl,1,6
865,Jamill,Kerton,jkertono0@simplemachines.org,6 Prentice Place,168-654-1668,4500,Kerton_865,hjur,2,6
866,Stern,Clamp,sclampo1@sciencedirect.com,6691 Carberry Junction,594-523-4909,2000,Clamp_866,Agxr,4,9
867,Caroljean,Tuhy,ctuhyo2@howstuffworks.com,7 Stone Corner Lane,184-525-7486,2500,Tuhy_867,16qU,1,8
868,Hermina,Dewan,hdewano3@feedburner.com,6955 Warbler Place,318-793-8803,2000,Dewan_868,2lUB,3,6
869,Eleni,Venner,evennero4@nydailynews.com,5 Butternut Terrace,603-830-0239,6000,Venner_869,5c44,2,4
870,Nicolea,Wurst,nwursto5@blogs.com,3 Autumn Leaf Avenue,291-657-5270,2000,Wurst_870,ukL7,3,1
871,Carlin,Eldredge,celdredgeo6@redcross.org,1 Randy Place,580-875-9209,3500,Eldredge_871,345s,3,1
872,Tybi,Etteridge,tetteridgeo7@zdnet.com,3807 Jenna Street,866-799-4953,4000,Etteridge_872,UEI7,1,6
873,Cirillo,Grinstead,cgrinsteado8@wufoo.com,1590 International Trail,318-228-3802,2000,Grinstead_873,7Zvf,1,10
874,Michelina,Duggan,mduggano9@nbcnews.com,81161 Melvin Lane,997-627-7792,4500,Duggan_874,tGlG,4,3
875,Madel,Bortolotti,mbortolottioa@seattletimes.com,0 Kipling Plaza,497-369-7367,4500,Bortolotti_875,fWqi,3,7
876,Worthington,Sacker,wsackerob@rediff.com,1953 Holmberg Hill,800-269-2627,5500,Sacker_876,X4nu,2,10
877,Benoite,Sheringham,bsheringhamoc@sfgate.com,1829 Bluejay Parkway,262-780-3808,2500,Sheringham_877,joDv,1,5
878,Neala,Dmitr,ndmitrod@youtu.be,4 Sutherland Center,662-863-5991,6000,Dmitr_878,QYuR,2,4
879,Korrie,Dymott,kdymottoe@mozilla.com,2 Pawling Plaza,613-447-1909,6000,Dymott_879,szO4,2,6
880,Pollyanna,Lassells,plassellsof@digg.com,3048 South Road,122-449-2960,3000,Lassells_880,J7pi,4,3
881,Lavinia,McEwen,lmcewenog@de.vu,65 Weeping Birch Place,696-498-0436,4000,McEwen_881,OJqS,1,5
882,Haily,Kerby,hkerbyoh@mit.edu,43 Gerald Parkway,416-137-3389,3000,Kerby_882,4q9v,2,8
883,Bud,Yakobowitch,byakobowitchoi@google.it,92 Dovetail Road,920-609-5858,5500,Yakobowitch_883,ROsx,3,9
884,Walliw,Boulter,wboulteroj@odnoklassniki.ru,2 Carpenter Center,109-901-0321,3000,Boulter_884,T7zx,3,4
885,Mart,Raddan,mraddanok@tuttocitta.it,28801 Towne Terrace,814-483-3881,3000,Raddan_885,pIvq,2,8
886,Duane,Crickmer,dcrickmerol@fotki.com,9 Pearson Place,299-319-8390,5000,Crickmer_886,OQHs,1,3
887,Jourdan,Bromige,jbromigeom@indiegogo.com,13 Armistice Avenue,640-528-0117,3000,Bromige_887,Hfjw,3,7
888,Jordain,Dundon,jdundonon@ycombinator.com,3 Grim Park,915-948-1888,4500,Dundon_888,oq5O,3,4
889,Marjy,Barhims,mbarhimsoo@php.net,89805 Gulseth Junction,474-747-7954,2500,Barhims_889,ZEmX,2,10
890,Brendan,Leyrroyd,bleyrroydop@digg.com,5 Utah Hill,623-571-7740,4500,Leyrroyd_890,UJNu,2,1
891,Therine,Bellchamber,tbellchamberoq@noaa.gov,787 Tomscot Park,416-892-7022,6000,Bellchamber_891,Nuxs,1,4
892,Gaby,Baskeyfied,gbaskeyfiedor@java.com,07 Randy Avenue,176-103-5671,5500,Baskeyfied_892,DYwc,3,1
893,Kay,Skechley,kskechleyos@forbes.com,7 Sommers Way,784-875-7895,4000,Skechley_893,j9wE,3,5
894,Kalindi,Anfossi,kanfossiot@google.es,87 Schmedeman Drive,702-314-1564,5000,Anfossi_894,XDkH,2,4
895,Kinny,Hughland,khughlandou@seattletimes.com,301 Manitowish Street,883-146-6669,2500,Hughland_895,ai5v,4,6
896,Hal,De Nisco,hdeniscoov@flickr.com,34431 Leroy Road,158-768-7613,4000,De Nisco_896,iGrP,1,1
897,Romeo,Stothard,rstothardow@loc.gov,4788 Delaware Place,596-971-2297,3000,Stothard_897,CSEi,1,9
898,Floyd,Ierland,fierlandox@acquirethisname.com,0 Becker Road,782-188-8243,6000,Ierland_898,RdmV,3,8
899,Lanette,Shirley,lshirleyoy@europa.eu,4 Prairie Rose Park,981-702-4457,3500,Shirley_899,54mu,3,7
900,Dion,Morrilly,dmorrillyoz@cnbc.com,35 Kedzie Alley,157-665-3188,3000,Morrilly_900,66nY,4,6
901,Gerrilee,Balke,gbalkep0@go.com,47552 Birchwood Street,838-147-7505,3000,Balke_901,iKrw,2,8
902,Sanford,McDaid,smcdaidp1@ucsd.edu,75 Steensland Junction,104-901-3812,4000,McDaid_902,jak3,4,8
903,Mellisent,Trevino,mtrevinop2@theglobeandmail.com,4 Debra Lane,360-460-3540,3500,Trevino_903,D3La,2,8
904,Corella,Nanelli,cnanellip3@cbslocal.com,61975 Mayer Plaza,787-404-1089,3000,Nanelli_904,fwhi,4,10
905,Nigel,Bridges,nbridgesp4@rediff.com,18 Mayer Avenue,886-847-6150,3500,Bridges_905,T0Gs,4,7
906,Burton,Macbeth,bmacbethp5@stumbleupon.com,1 Talmadge Court,241-412-1948,5500,Macbeth_906,BKSP,1,5
907,Conan,Eberle,ceberlep6@abc.net.au,1 Homewood Junction,734-409-4617,2000,Eberle_907,fuMZ,1,3
908,Lesley,Kimber,lkimberp7@example.com,42 Montana Hill,832-807-1894,3500,Kimber_908,krVJ,4,4
909,Loren,Lardeux,llardeuxp8@webmd.com,54352 Briar Crest Trail,891-263-3345,4500,Lardeux_909,rZAB,3,6
910,Barbey,Golsworthy,bgolsworthyp9@house.gov,7 Killdeer Circle,994-115-0650,5500,Golsworthy_910,ptRP,2,3
911,Mala,Cristofari,mcristofaripa@wired.com,983 Hallows Alley,905-488-3213,4500,Cristofari_911,9YjD,4,5
912,Clyde,Ander,canderpb@booking.com,8 Michigan Street,959-639-9816,4000,Ander_912,0mYw,4,4
913,Cass,Verick,cverickpc@usatoday.com,386 Cody Way,888-250-7095,6000,Verick_913,dw4J,1,7
914,Selie,Swetland,sswetlandpd@economist.com,38 Clarendon Parkway,909-893-7060,6000,Swetland_914,lbqP,4,8
915,Maritsa,Wingeatt,mwingeattpe@t-online.de,961 Ronald Regan Point,692-322-4503,4000,Wingeatt_915,ZgEZ,3,8
916,Verene,Smalridge,vsmalridgepf@redcross.org,3 Texas Drive,235-867-9517,5500,Smalridge_916,twxJ,3,3
917,Kit,Dewen,kdewenpg@auda.org.au,1 Corry Court,338-524-4398,5000,Dewen_917,NYic,2,8
918,Janaya,Spreadbury,jspreadburyph@senate.gov,789 Laurel Junction,337-700-7149,5000,Spreadbury_918,Ft5X,4,2
919,Andrea,Bodycomb,abodycombpi@thetimes.co.uk,27 Longview Avenue,128-445-0612,4000,Bodycomb_919,dIPh,4,6
920,Jobie,Croson,jcrosonpj@4shared.com,1 Merry Circle,376-968-8178,3000,Croson_920,jOXd,1,7
921,Olympe,MacKey,omackeypk@wordpress.com,36 Jenna Court,765-398-4311,2500,MacKey_921,kC4E,1,9
922,Elwira,Ghiriardelli,eghiriardellipl@virginia.edu,20 Lien Avenue,655-976-3939,3000,Ghiriardelli_922,nyZo,4,4
923,Marieann,Bunkle,mbunklepm@exblog.jp,96175 Vera Street,829-265-2404,5000,Bunkle_923,jgVl,1,10
924,Syman,Rodder,srodderpn@stumbleupon.com,873 Ludington Terrace,533-804-6945,6000,Rodder_924,zEUD,2,8
925,Linnet,MacKnight,lmacknightpo@abc.net.au,5 Towne Crossing,883-329-3523,5000,MacKnight_925,bNQa,2,5
926,Rogerio,Mole,rmolepp@opera.com,49 Trailsway Junction,989-737-9473,5500,Mole_926,WllG,1,2
927,Livvie,Swettenham,lswettenhampq@illinois.edu,2 Messerschmidt Lane,598-633-0862,4500,Swettenham_927,Mbjk,1,9
928,Trescha,Swidenbank,tswidenbankpr@google.nl,6 Bultman Drive,824-101-6693,6000,Swidenbank_928,ifVC,4,6
929,Kipp,de Savery,kdesaveryps@wordpress.com,7 Glacier Hill Street,363-323-3046,3000,de Savery_929,YICY,1,3
930,Hanna,De Freyne,hdefreynept@fastcompany.com,9499 Burning Wood Point,590-916-9302,4500,De Freyne_930,0ic3,4,3
931,Noell,Barabisch,nbarabischpu@ucsd.edu,6034 Blaine Hill,400-421-1840,2500,Barabisch_931,mrAM,1,9
932,Tris,Polin,tpolinpv@dyndns.org,56252 Hazelcrest Pass,839-605-5016,3000,Polin_932,ucrc,2,6
933,Aluin,Boot,abootpw@liveinternet.ru,8295 Kipling Way,977-182-7816,5500,Boot_933,jYyL,2,10
934,Muriel,Ambrogioli,mambrogiolipx@apache.org,605 Cascade Pass,377-528-8406,2500,Ambrogioli_934,XUoJ,1,4
935,Vinson,Bourthouloume,vbourthouloumepy@histats.com,220 International Crossing,853-338-2921,5500,Bourthouloume_935,Ij5c,3,6
936,Chick,Jarmaine,cjarmainepz@ibm.com,1 Cody Road,444-994-2337,2000,Jarmaine_936,ENOW,3,9
937,Clyve,Laytham,claythamq0@google.com.au,14 Mccormick Point,966-776-4554,3000,Laytham_937,o5c0,4,8
938,Denice,Kohtler,dkohtlerq1@gov.uk,43280 Burning Wood Avenue,190-313-0876,2000,Kohtler_938,Jjt6,2,10
939,Barri,Muldownie,bmuldownieq2@chicagotribune.com,3382 Fieldstone Place,813-534-7523,5500,Muldownie_939,41OE,4,9
940,Randell,Holston,rholstonq3@ted.com,26 International Parkway,713-233-3209,4500,Holston_940,Je0J,3,4
941,Netty,Grouen,ngrouenq4@thetimes.co.uk,97 Mendota Park,566-415-6498,2000,Grouen_941,0rYg,1,3
942,Nicol,O'Flynn,noflynnq5@opera.com,9796 Debra Court,733-526-1294,6000,O'Flynn_942,WTu3,2,3
943,Krystal,Densell,kdensellq6@1und1.de,7 Stone Corner Circle,225-240-6406,6000,Densell_943,QjEb,3,9
944,Leshia,Halliburton,lhalliburtonq7@mysql.com,4357 Twin Pines Crossing,585-343-2535,2000,Halliburton_944,HlQA,3,10
945,Carson,Haylor,chaylorq8@wikispaces.com,4952 Victoria Park,763-961-2588,2500,Haylor_945,NQUO,3,6
946,Flory,Gutcher,fgutcherq9@google.es,6 American Ash Drive,335-892-9467,5500,Gutcher_946,vBow,4,3
947,Mick,Crickmoor,mcrickmoorqa@privacy.gov.au,9 Di Loreto Avenue,387-164-7169,5000,Crickmoor_947,iOnm,1,10
948,Bran,Cyples,bcyplesqb@linkedin.com,87 Almo Center,177-395-7114,3000,Cyples_948,qL8X,1,5
949,Matty,Casali,mcasaliqc@vinaora.com,4 Tomscot Pass,134-339-2484,4000,Casali_949,XJpj,4,4
950,Ronda,Lilion,rlilionqd@intel.com,6 Rutledge Alley,155-975-0536,3000,Lilion_950,5ptP,3,9
951,Pooh,Lamerton,plamertonqe@discovery.com,9 Hollow Ridge Point,550-488-8164,5500,Lamerton_951,yC5n,4,5
952,Verge,MacTerlagh,vmacterlaghqf@bandcamp.com,2813 Di Loreto Park,446-657-0071,2500,MacTerlagh_952,Omnd,1,9
953,Janette,Gallehock,jgallehockqg@php.net,869 Londonderry Way,622-226-0419,2000,Gallehock_953,ynO4,4,10
954,Dominica,Gaul,dgaulqh@reuters.com,05 Marquette Point,523-999-4874,2500,Gaul_954,74nc,3,7
955,Masha,Allabush,mallabushqi@gizmodo.com,69315 Helena Street,253-128-3104,3000,Allabush_955,5t1H,1,6
956,Cathy,Godley,cgodleyqj@barnesandnoble.com,75831 Upham Road,820-145-8528,2000,Godley_956,28iY,2,8
957,Dalston,Harvey,dharveyqk@army.mil,2 Service Parkway,503-435-4615,4000,Harvey_957,ODlI,3,7
958,Cletus,Titchener,ctitchenerql@skype.com,3688 Dwight Alley,278-214-0139,3500,Titchener_958,R5t9,2,1
959,Ban,Jepps,bjeppsqm@miitbeian.gov.cn,43 Melody Court,148-821-8159,6000,Jepps_959,ofrZ,1,9
960,Emlyn,Brickwood,ebrickwoodqn@hugedomains.com,28533 Bunker Hill Crossing,271-812-2665,3000,Brickwood_960,7Mt5,1,4
961,Sigmund,Farnworth,sfarnworthqo@google.pl,86 Petterle Drive,197-711-2646,6000,Farnworth_961,MvQ9,3,9
962,Saxe,Seel,sseelqp@princeton.edu,5161 Buell Trail,471-368-3927,2000,Seel_962,lbVq,3,5
963,Hadley,Laister,hlaisterqq@princeton.edu,63925 Thackeray Street,969-405-2531,2000,Laister_963,8Sgg,2,6
964,Bronnie,Bagenal,bbagenalqr@techcrunch.com,01 Veith Court,606-105-8297,5500,Bagenal_964,4Hga,2,4
965,Urbanus,McLeoid,umcleoidqs@vkontakte.ru,1946 Green Street,860-551-9714,2500,McLeoid_965,M5hh,3,3
966,Isac,Bogays,ibogaysqt@jimdo.com,74 Southridge Road,482-530-4342,2500,Bogays_966,RKHp,2,7
967,Pinchas,Shury,pshuryqu@php.net,2 Schlimgen Road,442-253-1505,4500,Shury_967,BjS7,3,2
968,Hernando,Basire,hbasireqv@photobucket.com,405 Kensington Road,748-812-3591,2000,Basire_968,NCRw,3,1
969,Estrella,Thomassen,ethomassenqw@house.gov,7674 Hallows Lane,695-649-7741,4500,Thomassen_969,FYHw,2,1
970,Tully,Dukelow,tdukelowqx@ucoz.com,6 Killdeer Hill,289-891-8629,5500,Dukelow_970,5NAo,3,1
971,Erna,Madsen,emadsenqy@shareasale.com,15910 International Crossing,837-166-3664,2500,Madsen_971,DurJ,4,3
972,Dasie,Pinock,dpinockqz@reuters.com,41 Banding Crossing,993-590-0568,2000,Pinock_972,3D1H,4,5
973,Baryram,Deare,bdearer0@g.co,5 Paget Road,181-343-1977,6000,Deare_973,QopQ,2,5
974,Benjie,Cocksedge,bcocksedger1@blinklist.com,064 Drewry Alley,996-631-1646,5000,Cocksedge_974,mTj0,1,1
975,Richie,Giovanardi,rgiovanardir2@jigsy.com,008 Burning Wood Drive,733-671-0405,4500,Giovanardi_975,fo28,2,7
976,Hendrick,Lauxmann,hlauxmannr3@apple.com,102 Riverside Way,213-507-6816,3000,Lauxmann_976,jSMr,4,5
977,Jeri,Greenrodd,jgreenroddr4@adobe.com,95 5th Junction,830-285-6487,3500,Greenrodd_977,tQdu,1,4
978,Margie,Szimoni,mszimonir5@fda.gov,2 Bunting Way,649-915-8971,3500,Szimoni_978,z6fW,2,3
979,Bay,Dummett,bdummettr6@github.io,92 Bellgrove Park,248-950-4166,5500,Dummett_979,3SSR,4,7
980,Mary,MacQuaker,mmacquakerr7@printfriendly.com,92 Kingsford Hill,266-491-1603,6000,MacQuaker_980,B794,1,1
981,Malina,Metschke,mmetschker8@purevolume.com,8 Maple Park,697-536-1228,4500,Metschke_981,IreC,3,8
982,Raviv,Czaja,rczajar9@arizona.edu,0999 Evergreen Parkway,536-345-8967,2500,Czaja_982,1NA6,4,2
983,Brod,Lanphier,blanphierra@cnet.com,73 Moland Parkway,376-155-5108,2500,Lanphier_983,nQMV,4,1
984,Grace,Iacovaccio,giacovacciorb@barnesandnoble.com,381 Golf Course Center,619-295-6357,6000,Iacovaccio_984,OqdQ,1,9
985,Ephrayim,MacCahey,emaccaheyrc@exblog.jp,6 New Castle Center,439-217-1149,5000,MacCahey_985,kok1,1,10
986,Ange,Caskey,acaskeyrd@mapy.cz,082 Sutherland Junction,521-343-4865,4500,Caskey_986,p171,3,10
987,Stevy,Knappitt,sknappittre@ebay.com,5619 Park Meadow Parkway,942-770-6432,5000,Knappitt_987,w92J,3,3
988,Eveleen,Tant,etantrf@kickstarter.com,8 Ridgeway Place,746-729-5656,4500,Tant_988,3Vw1,3,7
989,Danila,Skidmore,dskidmorerg@pagesperso-orange.fr,02 Browning Terrace,474-249-7329,5500,Skidmore_989,dnRZ,3,5
990,Tiffie,Lightwood,tlightwoodrh@paypal.com,01361 Arapahoe Avenue,629-892-5444,5000,Lightwood_990,BP5t,3,5
991,Cristina,Shakelady,cshakeladyri@yale.edu,57 Wayridge Park,487-923-4660,3500,Shakelady_991,smDR,4,9
992,Marlow,Enders,mendersrj@pbs.org,80 Bowman Alley,646-784-8972,6000,Enders_992,paOM,2,9
993,Parry,Lumbly,plumblyrk@vinaora.com,60525 Hoard Lane,462-969-3333,3500,Lumbly_993,A2AR,2,1
994,Erasmus,Blackburn,eblackburnrl@friendfeed.com,5317 Lakeland Crossing,946-324-6155,5000,Blackburn_994,6Bju,3,6
995,Timoteo,Flemmich,tflemmichrm@opensource.org,48165 Transport Pass,618-930-5216,3500,Flemmich_995,3Yc4,4,4
996,Ephrem,Oscroft,eoscroftrn@fotki.com,327 Amoth Point,178-202-6220,6000,Oscroft_996,h6cg,3,7
997,Randi,Whyler,rwhylerro@posterous.com,62117 Hoard Parkway,969-152-3714,5000,Whyler_997,Y2TV,4,7
998,Kristofer,Palfreyman,kpalfreymanrp@devhub.com,91 Grover Point,259-687-6945,4000,Palfreyman_998,DA8y,4,3
999,Baxy,Crosse,bcrosserq@paypal.com,0385 Sycamore Place,301-457-6213,2000,Crosse_999,dINI,4,1
1000,Rebeca,McCarlich,rmccarlichrr@amazon.de,91 Grasskamp Park,921-404-8210,4500,McCarlich_1000,86k7,3,5
